date,TS long/short,TS long/flat,"TS long/flat, 15% vol",Buy & hold,Price > SMA(252)
2023-01-19,0.01264668613888893,0.01284668613888893,0.02569337227777786,0.01304668613888893,0.01304668613888893
2023-01-20,-0.0028262255134260394,-0.0028262255134260394,-0.005652451026852079,-0.0028262255134260394,-0.0028262255134260394
2023-01-23,-0.0030241039031149606,-0.0002,-0.0004,0.0026241039031149604,0.0026241039031149604
2023-01-24,-0.002855293631761846,0.0,0.0,0.002855293631761846,0.002855293631761846
2023-01-25,-0.00592153765139547,0.0,0.0,0.00592153765139547,0.00592153765139547
2023-01-26,0.009279119776187339,0.0,0.0,-0.009279119776187339,-0.009279119776187339
2023-01-27,0.0009842672648248119,0.0,0.0,-0.0009842672648248119,-0.0009842672648248119
2023-01-30,0.003355043117082457,0.0,0.0,-0.003355043117082457,-0.003355043117082457
2023-01-31,-0.0008507804813100428,0.0,0.0,0.0008507804813100428,0.0008507804813100428
2023-02-01,-0.015260118720021199,0.0,0.0,0.015260118720021199,0.015260118720021199
2023-02-02,0.01940619255602949,0.0,0.0,-0.01940619255602949,-0.01940619255602949
2023-02-03,-0.026607646962160936,-0.026407646962160934,-0.05281529392432187,-0.026207646962160935,-0.026207646962160935
2023-02-06,-0.0020623412334357825,-0.0002,-0.0004,0.0016623412334357823,0.0016623412334357823
2023-02-07,-0.0025910599571734583,0.0,0.0,0.0025910599571734583,0.0025910599571734583
2023-02-08,-0.0012013839302138507,0.0,0.0,0.0012013839302138507,0.0012013839302138507
2023-02-09,0.006815672484218216,0.0,0.0,-0.006815672484218216,-0.006815672484218216
2023-02-10,-0.001817581293255044,0.0,0.0,0.001817581293255044,0.001817581293255044
2023-02-13,0.006102390798067181,0.0,0.0,-0.006102390798067181,-0.006102390798067181
2023-02-14,0.0013554240397155141,0.001555424039715514,0.003110848079431028,0.001755424039715514,0.001755424039715514
2023-02-15,-0.012309018112906855,-0.012309018112906855,-0.02461803622581371,-0.012309018112906855,-0.012309018112906855
2023-02-16,-0.00017992041315095797,-0.00017992041315095797,-0.00035984082630191594,-0.00017992041315095797,-0.00017992041315095797
2023-02-17,-0.004733858490926046,-0.0002,-0.0004,0.004333858490926046,0.004333858490926046
2023-02-20,-0.0006712883902519225,-0.0004712883902519225,-0.000942576780503845,-0.00027128839025192253,-0.00027128839025192253
2023-02-21,0.002895761621886939,-0.0002,-0.0004,-0.003295761621886939,-0.003295761621886939
2023-02-22,0.005817731489458411,0.0,0.0,-0.005817731489458411,-0.005817731489458411
2023-02-23,0.0010355767176052355,0.0,0.0,-0.0010355767176052355,-0.0010355767176052355
2023-02-24,0.006982360491010198,0.0,0.0,-0.006982360491010198,-0.006982360491010198
2023-02-27,-0.0037228867807941324,0.0,0.0,0.0037228867807941324,0.0037228867807941324
2023-02-28,-0.004650091624981423,0.0,0.0,0.004650091624981423,0.004650091624981423
2023-03-01,-0.005784163045060131,0.0,0.0,0.005784163045060131,0.005784163045060131
2023-03-02,-0.00010892060281664229,0.0,0.0,0.00010892060281664229,0.00010892060281664229
2023-03-03,0.009965389368622858,0.010165389368622857,0.020330778737245713,0.010365389368622857,0.010365389368622857
2023-03-06,0.0045342070691890115,-0.0002,-0.0004,-0.004934207069189012,-0.004934207069189012
2023-03-07,0.017456563192642882,0.0,0.0,-0.017456563192642882,-0.017456563192642882
2023-03-08,-0.0006834430868254415,0.0,0.0,0.0006834430868254415,0.0006834430868254415
2023-03-09,-0.008792039221944714,0.0,0.0,0.008792039221944714,0.008792039221944714
2023-03-10,-0.01966962457337873,0.0,0.0,0.01966962457337873,0.01966962457337873
2023-03-13,-0.02346211313843205,0.0,0.0,0.02346211313843205,0.02346211313843205
2023-03-14,0.003929714929269523,0.0,0.0,-0.003929714929269523,-0.003929714929269523
2023-03-15,-0.009224666850986996,0.0,0.0,0.009224666850986996,0.009224666850986996
2023-03-16,0.0008484069713349252,0.0,0.0,-0.0008484069713349252,-0.0008484069713349252
2023-03-17,-0.03553571242511078,0.0,0.0,0.03553571242511078,0.03553571242511078
2023-03-20,0.005706765793092261,0.0,0.0,-0.005706765793092261,-0.005706765793092261
2023-03-21,0.017235611152056074,0.0,0.0,-0.017235611152056074,-0.017235611152056074
2023-03-22,-0.013792128779050339,0.0,0.0,0.013792128779050339,0.013792128779050339
2023-03-23,-0.011474273421455017,0.0,0.0,0.011474273421455017,0.011474273421455017
2023-03-24,0.006596471863359543,0.0,0.0,-0.006596471863359543,-0.006596471863359543
2023-03-27,0.01059832873383193,0.0,0.0,-0.01059832873383193,-0.01059832873383193
2023-03-28,-0.007455588626458676,0.0,0.0,0.007455588626458676,0.007455588626458676
2023-03-29,0.004216414236192345,0.0,0.0,-0.004216414236192345,-0.004216414236192345
2023-03-30,-0.00787516245447284,0.0,0.0,0.00787516245447284,0.00787516245447284
2023-03-31,0.005376483158185841,0.0,0.0,-0.005376483158185841,-0.005376483158185841
2023-04-03,-0.007940236964653069,0.0,0.0,0.007940236964653069,0.007940236964653069
2023-04-04,-0.01845207330131693,0.0,0.0,0.01845207330131693,0.01845207330131693
2023-04-05,0.0003450394553830005,0.0,0.0,-0.0003450394553830005,-0.0003450394553830005
2023-04-06,0.0060808887696505165,0.0,0.0,-0.0060808887696505165,-0.0060808887696505165
2023-04-07,3.994130918449912e-05,0.0,0.0,-3.994130918449912e-05,-3.994130918449912e-05
2023-04-10,0.007780698512749318,0.0,0.0,-0.007780698512749318,-0.007780698512749318
2023-04-11,-0.00608143563181085,0.0,0.0,0.00608143563181085,0.00608143563181085
2023-04-12,-0.010081327243207205,0.0,0.0,0.010081327243207205,0.010081327243207205
2023-04-13,0.0002304068077416236,0.0004304068077416236,0.0008608136154832473,0.0006304068077416236,0.0006304068077416236
2023-04-14,0.0057444756303797195,0.0057444756303797195,0.011488951260759439,0.0057444756303797195,0.0057444756303797195
2023-04-17,-0.01462630738745141,-0.01462630738745141,-0.02925261477490282,-0.01462630738745141,-0.01462630738745141
2023-04-18,-0.0019926496203126476,-0.0019926496203126476,-0.003947691566745981,-0.0019926496203126476,-0.0019926496203126476
2023-04-19,0.00020257746005092336,0.00020257746005092336,0.00040095915608268984,0.00020257746005092336,0.00020257746005092336
2023-04-20,-0.00021660769791131962,-0.00021660769791131962,-0.00043321539582263924,-0.00021660769791131962,-0.00021660769791131962
2023-04-21,-0.007862701356294854,-0.007862701356294854,-0.01572540271258971,-0.007862701356294854,-0.007862701356294854
2023-04-24,-0.002095633085780091,-0.002095633085780091,-0.004191266171560182,-0.002095633085780091,-0.002095633085780091
2023-04-25,-0.0011525763236505115,-0.0011525763236505115,-0.002305152647301023,-0.0011525763236505115,-0.0011525763236505115
2023-04-26,0.00920495634646934,0.00920495634646934,0.01840991269293868,0.00920495634646934,0.00920495634646934
2023-04-27,0.000511331173823848,0.000511331173823848,0.001022662347647696,0.000511331173823848,0.000511331173823848
2023-04-28,-0.008492856268165538,-0.008492856268165538,-0.016985712536331077,-0.008492856268165538,-0.008492856268165538
2023-05-01,0.002390718457148111,0.002390718457148111,0.004680229948988739,0.002390718457148111,0.002390718457148111
2023-05-02,-0.00016102947825136216,-0.00016102947825136216,-0.0003160197226127495,-0.00016102947825136216,-0.00016102947825136216
2023-05-03,0.014186155109339627,0.014186155109339627,0.02772858187603469,0.014186155109339627,0.014186155109339627
2023-05-04,0.011731803511670247,0.011731803511670247,0.023454531977294083,0.011731803511670247,0.011731803511670247
2023-05-05,0.004627609608239602,0.004627609608239602,0.009255219216479205,0.004627609608239602,0.004627609608239602
2023-05-08,-0.01229816878328227,-0.01229816878328227,-0.02459633756656454,-0.01229816878328227,-0.01229816878328227
2023-05-09,0.003860231557575755,0.003860231557575755,0.00772046311515151,0.003860231557575755,0.003860231557575755
2023-05-10,-0.0004157880566517669,-0.0004157880566517669,-0.0008315761133035338,-0.0004157880566517669,-0.0004157880566517669
2023-05-11,-0.0012044604174872298,-0.0012044604174872298,-0.0024089208349744595,-0.0012044604174872298,-0.0012044604174872298
2023-05-12,-0.010670542281257855,-0.010670542281257855,-0.02134108456251571,-0.010670542281257855,-0.010670542281257855
2023-05-15,0.004048167669902458,0.004048167669902458,0.007957325999591699,0.004048167669902458,0.004048167669902458
2023-05-16,0.0005898084025812711,0.0005898084025812711,0.0011730723676066483,0.0005898084025812711,0.0005898084025812711
2023-05-17,-0.014299506060074019,-0.014299506060074019,-0.028599012120148037,-0.014299506060074019,-0.014299506060074019
2023-05-18,-0.0016438034992708461,-0.0016438034992708461,-0.003170543572438869,-0.0016438034992708461,-0.0016438034992708461
2023-05-19,-0.009630662580695781,-0.009630662580695781,-0.018466371995887066,-0.009630662580695781,-0.009630662580695781
2023-05-22,0.0075899853857708255,0.0075899853857708255,0.014118276120992463,0.0075899853857708255,0.0075899853857708255
2023-05-23,-0.006187592604685044,-0.006187592604685044,-0.011304008350932178,-0.006187592604685044,-0.006187592604685044
2023-05-24,0.0043934266649598985,0.0043934266649598985,0.007929857720135451,0.0043934266649598985,0.0043934266649598985
2023-05-25,-0.009703329705066044,-0.009703329705066044,-0.017411705780338658,-0.009703329705066044,-0.009703329705066044
2023-05-26,-0.002095242999857083,-0.002095242999857083,-0.0036718740060341644,-0.002095242999857083,-0.002095242999857083
2023-05-29,-0.0039873799269162236,-0.0039873799269162236,-0.006964940895966208,-0.0039873799269162236,-0.0039873799269162236
2023-05-30,-0.003506799355130985,-0.003506799355130985,-0.006104706214580208,-0.003506799355130985,-0.003506799355130985
2023-05-31,0.009535873044988596,0.009535873044988596,0.0165542288350162,0.009535873044988596,0.009535873044988596
2023-06-01,0.005438264333584408,0.005438264333584408,0.009486158956452441,0.005438264333584408,0.005438264333584408
2023-06-02,0.005857888833512792,0.005857888833512792,0.010116768004525909,0.005857888833512792,0.005857888833512792
2023-06-05,-0.018504220415912043,-0.018504220415912043,-0.03163024216066498,-0.018504220415912043,-0.018504220415912043
2023-06-06,0.011005331096535897,0.011005331096535897,0.01730959840843531,0.011005331096535897,0.011005331096535897
2023-06-07,-0.0011856694633367582,-0.0011856694633367582,-0.0018218440208822983,-0.0011856694633367582,-0.0011856694633367582
2023-06-08,-0.008169711579095185,-0.008169711579095185,-0.012488255567482492,-0.008169711579095185,-0.008169711579095185
2023-06-09,0.009469940321207515,0.009469940321207515,0.014292466976757578,0.009469940321207515,0.009469940321207515
2023-06-12,9.546316768793695e-05,9.546316768793695e-05,0.0001349133052205262,9.546316768793695e-05,9.546316768793695e-05
2023-06-13,0.00048343024507802035,0.00048343024507802035,0.000714731919675779,0.00048343024507802035,0.00048343024507802035
2023-06-14,-0.010440477306294715,-0.010440477306294715,-0.015433858120028838,-0.010440477306294715,-0.010440477306294715
2023-06-15,-0.005494035076280435,-0.005494035076280435,-0.007969689592650032,-0.005494035076280435,-0.005494035076280435
2023-06-16,0.01589173642425412,0.01589173642425412,0.022931716867015145,0.01589173642425412,0.01589173642425412
2023-06-19,-0.00412759058503398,-0.00412759058503398,-0.005679034015439267,-0.00412759058503398,-0.00412759058503398
2023-06-20,-0.002208498895367228,-0.002208498895367228,-0.0030247471365361274,-0.002208498895367228,-0.002208498895367228
2023-06-21,-0.008785374281038427,-0.008785374281038427,-0.012024728934154828,-0.008785374281038427,-0.008785374281038427
2023-06-22,-0.0026607654525770963,-0.0026607654525770963,-0.0036033859886795893,-0.0026607654525770963,-0.0026607654525770963
2023-06-23,-0.006004209537192939,-0.006004209537192939,-0.008119847419013502,-0.006004209537192939,-0.006004209537192939
2023-06-26,0.0066242801834286436,0.0066242801834286436,0.008916451188820796,0.0066242801834286436,0.0066242801834286436
2023-06-27,-0.004110107785146866,-0.004110107785146866,-0.005485366968365192,-0.004110107785146866,-0.004110107785146866
2023-06-28,-0.0037068916300432297,-0.0037068916300432297,-0.004936751753465799,-0.0037068916300432297,-0.0037068916300432297
2023-06-29,-0.003988310836066211,-0.003988310836066211,-0.005304632956614012,-0.003988310836066211,-0.003988310836066211
2023-06-30,-0.001554501557121446,-0.001554501557121446,-0.002064785194732085,-0.001554501557121446,-0.001554501557121446
2023-07-03,0.004837704009786004,0.004837704009786004,0.006424992428185298,0.004837704009786004,0.004837704009786004
2023-07-04,0.007850958440732025,0.007850958440732025,0.010370755323633659,0.007850958440732025,0.007850958440732025
2023-07-05,-0.0030706190032113723,-0.0030706190032113723,-0.004011578783461678,-0.0030706190032113723,-0.0030706190032113723
2023-07-06,5.2135971236655365e-05,5.2135971236655365e-05,6.780977814975694e-05,5.2135971236655365e-05,5.2135971236655365e-05
2023-07-07,-0.004174662511253091,-0.004174662511253091,-0.00544547340203712,-0.004174662511253091,-0.004174662511253091
2023-07-10,0.0037541932986246973,0.0037541932986246973,0.004888321842691411,0.0037541932986246973,0.0037541932986246973
2023-07-11,0.005998668071984126,0.005998668071984126,0.007785733661546046,0.005998668071984126,0.005998668071984126
2023-07-12,-0.0002145132090515256,-0.0002145132090515256,-0.00027832050234991636,-0.0002145132090515256,-0.0002145132090515256
2023-07-13,0.013656462643065748,0.013656462643065748,0.017720332667919954,0.013656462643065748,0.013656462643065748
2023-07-14,-0.002121021287178615,-0.002121021287178615,-0.002750440893706822,-0.002121021287178615,-0.002121021287178615
2023-07-17,0.0003399518393893963,0.0003399518393893963,0.0004407517945008307,0.0003399518393893963,0.0003399518393893963
2023-07-18,0.0034792984196616583,0.0034792984196616583,0.0045110079172658085,0.0034792984196616583,0.0034792984196616583
2023-07-19,0.00597343660391636,0.00597343660391636,0.007726630168125154,0.00597343660391636,0.00597343660391636
2023-07-20,0.004670237963576129,0.004670237963576129,0.006060586963847635,0.004670237963576129,0.004670237963576129
2023-07-21,-0.006288823697357282,-0.006288823697357282,-0.008140264649234378,-0.006288823697357282,-0.006288823697357282
2023-07-24,-0.005583289059942431,-0.005583289059942431,-0.0071850866821619045,-0.005583289059942431,-0.005583289059942431
2023-07-25,0.0005569516167911459,0.0005569516167911459,0.0007207951528379417,0.0005569516167911459,0.0005569516167911459
2023-07-26,0.0006728209091786397,0.0006728209091786397,0.0008735883927887202,0.0006728209091786397,0.0006728209091786397
2023-07-27,0.007046324378603863,0.007046324378603863,0.009245642937024273,0.007046324378603863,0.007046324378603863
2023-07-28,-0.013725641693621338,-0.013725641693621338,-0.017888281845700384,-0.013725641693621338,-0.013725641693621338
2023-07-31,0.003169038130380386,0.003169038130380386,0.004006872222159393,0.003169038130380386,0.003169038130380386
2023-08-01,0.0023140236024479233,0.0023140236024479233,0.003014989734242583,0.0023140236024479233,0.0023140236024479233
2023-08-02,-0.007054944044129652,-0.007054944044129652,-0.009438985843149056,-0.007054944044129652,-0.007054944044129652
2023-08-03,-0.004899223054683932,-0.004899223054683932,-0.006537807621777235,-0.004899223054683932,-0.004899223054683932
2023-08-04,-0.0005982466774423489,-0.0005982466774423489,-0.000819553478194318,-0.0005982466774423489,-0.0005982466774423489
2023-08-07,0.002887172162156171,0.002887172162156171,0.003942745520425324,0.002887172162156171,0.002887172162156171
2023-08-08,-0.005262679342473819,-0.005262679342473819,-0.007173065372510593,-0.005262679342473819,-0.005262679342473819
2023-08-09,-0.0024444109622776544,-0.0024444109622776544,-0.00332067612479763,-0.0024444109622776544,-0.0024444109622776544
2023-08-10,-0.00444171779905056,-0.00444171779905056,-0.006139980731106456,-0.00444171779905056,-0.00444171779905056
2023-08-11,-0.001830247585311584,-0.001830247585311584,-0.0025323093625403957,-0.001830247585311584,-0.001830247585311584
2023-08-14,-0.0018298964362261083,-0.0018298964362261083,-0.002531788353007102,-0.0018298964362261083,-0.0018298964362261083
2023-08-15,-0.0024143969764093276,-0.0024143969764093276,-0.003465692781381824,-0.0024143969764093276,-0.0024143969764093276
2023-08-16,-0.001264940948273785,-0.001264940948273785,-0.0018100693926874079,-0.001264940948273785,-0.001264940948273785
2023-08-17,-0.006418764997672577,-0.006418764997672577,-0.009336803093344503,-0.006418764997672577,-0.006418764997672577
2023-08-18,0.0006346148978726429,0.0006346148978726429,0.0009268085487645095,0.0006346148978726429,0.0006346148978726429
2023-08-21,-0.0037313974698990338,-0.0037313974698990338,-0.005494481481158639,-0.0037313974698990338,-0.0037313974698990338
2023-08-22,0.004114975491635642,0.004114975491635642,0.006076204960438573,0.004114975491635642,0.004114975491635642
2023-08-23,0.003704897094285897,0.003704897094285897,0.005536513866722041,0.003704897094285897,0.003704897094285897
2023-08-24,0.00999188441419907,0.00999188441419907,0.014895307151837484,0.00999188441419907,0.00999188441419907
2023-08-25,-0.0019746910242788296,-0.0019746910242788296,-0.0028946064124991495,-0.0019746910242788296,-0.0019746910242788296
2023-08-28,-0.0005442423195752832,-0.0005442423195752832,-0.0007979661945870768,-0.0005442423195752832,-0.0005442423195752832
2023-08-29,0.0036407508505056363,0.0036407508505056363,0.005434567186897918,0.0036407508505056363,0.0036407508505056363
2023-08-30,0.007389077109168918,0.007389077109168918,0.011081010037013428,0.007389077109168918,0.007389077109168918
2023-08-31,0.005197789715668977,0.005197789715668977,0.007759551648662768,0.005197789715668977,0.005197789715668977
2023-09-01,-0.002278030695396449,-0.002278030695396449,-0.003665509294689306,-0.002278030695396449,-0.002278030695396449
2023-09-04,0.0006641343071087658,0.0006641343071087658,0.0010842110337488386,0.0006641343071087658,0.0006641343071087658
2023-09-05,-0.004197938722257266,-0.004197938722257266,-0.006913337419255108,-0.004197938722257266,-0.004197938722257266
2023-09-06,-0.005145055398353193,-0.005145055398353193,-0.008583006366603224,-0.005145055398353193,-0.005145055398353193
2023-09-07,-0.003234036188612066,-0.003234036188612066,-0.005497405972304974,-0.003234036188612066,-0.003234036188612066
2023-09-08,0.0034437660108521673,0.0034437660108521673,0.005833643161030518,0.0034437660108521673,0.0034437660108521673
2023-09-11,-0.0028988029645270474,-0.0028988029645270474,-0.0048945506977917325,-0.0028988029645270474,-0.0028988029645270474
2023-09-12,0.001030957898299878,0.001030957898299878,0.0017780032021749125,0.001030957898299878,0.001030957898299878
2023-09-13,-0.0067690778138069785,-0.0067690778138069785,-0.01182762774541958,-0.0067690778138069785,-0.0067690778138069785
2023-09-14,0.0015880020786487314,0.0015880020786487314,0.0029412378464747082,0.0015880020786487314,0.0015880020786487314
2023-09-15,0.0059080730749307975,0.0059080730749307975,0.011067182507598984,0.0059080730749307975,0.0059080730749307975
2023-09-18,0.0013906392527072153,0.0013906392527072153,0.0025719045932079392,0.0013906392527072153,0.0013906392527072153
2023-09-19,0.00328880497079731,0.00328880497079731,0.006230105443744092,0.00328880497079731,0.00328880497079731
2023-09-20,-0.0016949712936810135,-0.0016949712936810135,-0.0032117246949590335,-0.0016949712936810135,-0.0016949712936810135
2023-09-21,-0.0025391546299559087,-0.0025391546299559087,-0.0048704301295895355,-0.0025391546299559087,-0.0025391546299559087
2023-09-22,-0.0008656869093123243,-0.0008656869093123243,-0.0016854075462397805,-0.0008656869093123243,-0.0008656869093123243
2023-09-25,0.0007308546683038042,0.0007308546683038042,0.0014245915551995623,0.0007308546683038042,0.0007308546683038042
2023-09-26,-0.004572703802564249,-0.004572703802564249,-0.008972485311536675,-0.004572703802564249,-0.004572703802564249
2023-09-27,-0.007777130459438286,-0.007777130459438286,-0.015229759329042681,-0.007777130459438286,-0.007777130459438286
2023-09-28,-0.012526945155007518,-0.012526945155007518,-0.024040467605290456,-0.012526945155007518,-0.012526945155007518
2023-09-29,-0.006137038920149718,-0.006137038920149718,-0.011303699351665081,-0.006137038920149718,-0.0002
2023-10-02,-0.00968088226802688,-0.00968088226802688,-0.018014508916671793,-0.00968088226802688,0.0
2023-10-03,-0.012711508153853246,-0.012711508153853246,-0.023091636784980323,-0.012711508153853246,0.0
2023-10-04,-3.7013374878935856e-05,-3.7013374878935856e-05,-7.945081215499981e-05,-3.7013374878935856e-05,0.0
2023-10-05,0.0015477098675715784,0.0015477098675715784,0.0027014672502982864,0.0015477098675715784,0.0
2023-10-06,-0.00333504889346381,-0.00333504889346381,-0.005850388757768348,-0.00333504889346381,0.0
2023-10-09,0.015250651420776196,0.015250651420776196,0.027064994068377413,0.015250651420776196,0.0
2023-10-10,0.008127255707243597,0.008127255707243597,0.013414766994076387,0.008127255707243597,0.0
2023-10-11,-0.0009478238508634496,-0.0009478238508634496,-0.0016330755223283315,-0.0009478238508634496,0.0
2023-10-12,0.0074145348737255645,0.0074145348737255645,0.012691336018151849,0.0074145348737255645,0.0
2023-10-13,-0.0013838396497337646,-0.0013838396497337646,-0.0023335357406509003,-0.0013838396497337646,0.0
2023-10-16,0.026680247433700233,0.026680247433700233,0.04507767312997908,0.026680247433700233,0.0
2023-10-17,-0.0033134284541116443,-0.0033134284541116443,-0.004825859030726973,-0.0033134284541116443,-0.0035134284541116444
2023-10-18,0.006438986376831268,0.006438986376831268,0.009314045812642878,0.006438986376831268,0.006438986376831268
2023-10-19,0.011419211864526657,0.011419211864526657,0.016476992507577497,0.011419211864526657,0.011419211864526657
2023-10-20,0.011504794822332132,0.011504794822332132,0.016262622922986907,0.011504794822332132,0.011504794822332132
2023-10-23,-0.002737032182277832,-0.002737032182277832,-0.0037851215739841794,-0.002737032182277832,-0.002737032182277832
2023-10-24,0.004909786073461708,0.004909786073461708,0.006768325567321287,0.004909786073461708,0.004909786073461708
2023-10-25,-0.00135808206766741,-0.00135808206766741,-0.0018820344013410339,-0.00135808206766741,-0.00135808206766741
2023-10-26,0.004677098157122028,0.004677098157122028,0.006699341678559016,0.004677098157122028,0.004677098157122028
2023-10-27,0.00043362321026463313,0.00043362321026463313,0.0006200850312608539,0.00043362321026463313,0.00043362321026463313
2023-10-30,0.009417315774015167,0.009417315774015167,0.013491125464970706,0.009417315774015167,0.009417315774015167
2023-10-31,-0.0034658816418789984,-0.0034658816418789984,-0.004940556291473285,-0.0034658816418789984,-0.0034658816418789984
2023-11-01,-0.007862623340940234,-0.007862623340940234,-0.011233902264318557,-0.007862623340940234,-0.007862623340940234
2023-11-02,0.002487756606383673,0.002487756606383673,0.0035054495228452895,0.002487756606383673,0.002487756606383673
2023-11-03,-0.0005929227794252423,-0.0005929227794252423,-0.0008367255339176383,-0.0005929227794252423,-0.0005929227794252423
2023-11-06,0.0036019268396185744,0.0036019268396185744,0.005110509657497802,0.0036019268396185744,0.0036019268396185744
2023-11-07,-0.008379169311581114,-0.008379169311581114,-0.011890178701152752,-0.008379169311581114,-0.008379169311581114
2023-11-08,-0.0029015577833925166,-0.0029015577833925166,-0.004078579467325823,-0.0029015577833925166,-0.0029015577833925166
2023-11-09,-0.009163898960967809,-0.009163898960967809,-0.012858086593870114,-0.009163898960967809,-0.009163898960967809
2023-11-10,0.004172990038926905,0.004172990038926905,0.005759555185873886,0.004172990038926905,0.004172990038926905
2023-11-13,-0.009647531648674046,-0.009647531648674046,-0.013310864456556876,-0.009647531648674046,-0.009647531648674046
2023-11-14,0.0025463642852205925,0.0025463642852205925,0.0034487975439162757,0.0025463642852205925,0.0025463642852205925
2023-11-15,0.009209130694519896,0.009209130694519896,0.01257839170944729,0.009209130694519896,0.009209130694519896
2023-11-16,-0.003341550910349822,-0.003341550910349822,-0.004509437568465053,-0.003341550910349822,-0.003341550910349822
2023-11-17,0.01430009688596745,0.01430009688596745,0.019293394051060554,0.01430009688596745,0.01430009688596745
2023-11-20,-0.00210615677104542,-0.00210615677104542,-0.002768769408565621,-0.00210615677104542,-0.00210615677104542
2023-11-21,0.004564614294409353,0.004564614294409353,0.0059849914199144065,0.004564614294409353,0.004564614294409353
2023-11-22,0.00323960636553422,0.00323960636553422,0.004294797618513558,0.00323960636553422,0.00323960636553422
2023-11-23,-0.000987015881235731,-0.000987015881235731,-0.00130943575979707,-0.000987015881235731,-0.000987015881235731
2023-11-24,-0.0004145550238793261,-0.0004145550238793261,-0.0005499136168168817,-0.0004145550238793261,-0.0004145550238793261
2023-11-27,0.008484893974698648,0.008484893974698648,0.011268680656410606,0.008484893974698648,0.008484893974698648
2023-11-28,0.002273498405496399,0.002273498405496399,0.003010821934682768,0.002273498405496399,0.002273498405496399
2023-11-29,0.0165323157482693,0.0165323157482693,0.021964667333136734,0.0165323157482693,0.0165323157482693
2023-11-30,-0.002116308279414003,-0.002116308279414003,-0.002716089588644767,-0.002116308279414003,-0.002116308279414003
2023-12-01,-0.000999132988623086,-0.000999132988623086,-0.0012762183487003583,-0.000999132988623086,-0.000999132988623086
2023-12-04,0.02155741037359249,0.02155741037359249,0.027620663134164745,0.02155741037359249,0.02155741037359249
2023-12-05,-0.02416846360326519,-0.02416846360326519,-0.029316479766767215,-0.02416846360326519,-0.02416846360326519
2023-12-06,-0.006597053621679727,-0.006597053621679727,-0.007410509049586408,-0.006597053621679727,-0.006597053621679727
2023-12-07,0.003452621961241853,0.003452621961241853,0.003845175590705723,0.003452621961241853,0.003452621961241853
2023-12-08,0.0019765956367607806,0.0019765956367607806,0.002203757653472547,0.0019765956367607806,0.0019765956367607806
2023-12-11,-0.015415900034436936,-0.015415900034436936,-0.017186865995297885,-0.015415900034436936,-0.015415900034436936
2023-12-12,-0.009210717829904125,-0.009210717829904125,-0.01003589478561228,-0.009210717829904125,-0.009210717829904125
2023-12-13,-0.002096090023546493,-0.002096090023546493,-0.0022607451856076106,-0.002096090023546493,-0.002096090023546493
2023-12-14,0.027414049418586828,0.027414049418586828,0.029606682266357397,0.027414049418586828,0.027414049418586828
2023-12-15,1.1608346775160427e-05,1.1608346775160427e-05,-3.417208464093999e-06,1.1608346775160427e-05,1.1608346775160427e-05
2023-12-18,-0.005422264698222157,-0.005422264698222157,-0.005449959717406281,-0.005422264698222157,-0.005422264698222157
2023-12-19,0.0017701607076250347,0.0017701607076250347,0.0017730954374987223,0.0017701607076250347,0.0017701607076250347
2023-12-20,0.005260863316931763,0.005260863316931763,0.005276373665056814,0.005260863316931763,0.005260863316931763
2023-12-21,-6.349890767642918e-05,-6.349890767642918e-05,-6.38922813439514e-05,-6.349890767642918e-05,-6.349890767642918e-05
2023-12-22,0.006838328586902032,0.006838328586902032,0.006847891086114212,0.006838328586902032,0.006838328586902032
2023-12-25,0.001787761361321083,0.001787761361321083,0.0017898296001083798,0.001787761361321083,0.001787761361321083
2023-12-26,0.004672167495108459,0.004672167495108459,0.004711736578517376,0.004672167495108459,0.004672167495108459
2023-12-27,0.0016210844108657252,0.0016210844108657252,0.001661071867930304,0.0016210844108657252,0.0016210844108657252
2023-12-28,0.007354977003902308,0.007354977003902308,0.0075966931505092265,0.007354977003902308,0.007354977003902308
2023-12-29,-0.006102729911282911,-0.006102729911282911,-0.006371029687423286,-0.006102729911282911,-0.006102729911282911
2024-01-01,-0.0028995478433611055,-0.0028995478433611055,-0.0030768467030179627,-0.0028995478433611055,-0.0028995478433611055
2024-01-02,0.0007453164107360521,0.0007453164107360521,0.0007879494797763701,0.0007453164107360521,0.0007453164107360521
2024-01-03,-0.0007175417228837411,-0.0007175417228837411,-0.0007589355601032035,-0.0007175417228837411,-0.0007175417228837411
2024-01-04,-0.00983439953765175,-0.00983439953765175,-0.010424844446183676,-0.00983439953765175,-0.00983439953765175
2024-01-05,0.0018827985325291507,0.0018827985325291507,0.0020040817748698896,0.0018827985325291507,0.0018827985325291507
2024-01-08,-0.0018262497246872567,-0.0018262497246872567,-0.0019547110146109973,-0.0018262497246872567,-0.0018262497246872567
2024-01-09,-0.004262503114866534,-0.004262503114866534,-0.004557685508361253,-0.004262503114866534,-0.004262503114866534
2024-01-10,-0.0013996838741660023,-0.0013996838741660023,-0.0014972261103222916,-0.0013996838741660023,-0.0013996838741660023
2024-01-11,-0.0008861567227382849,-0.0008861567227382849,-0.000947853562771902,-0.0008861567227382849,-0.0008861567227382849
2024-01-12,0.0019318914528374531,0.0019318914528374531,0.002210424595406342,0.0019318914528374531,0.0019318914528374531
2024-01-15,0.00837931933182201,0.00837931933182201,0.009679616734253153,0.00837931933182201,0.00837931933182201
2024-01-16,0.0002822059424565371,0.0002822059424565371,0.00032429104960756793,0.0002822059424565371,0.0002822059424565371
2024-01-17,-0.009140366402484168,-0.009140366402484168,-0.010676304389431138,-0.009140366402484168,-0.009140366402484168
2024-01-18,-0.010499640829339851,-0.010499640829339851,-0.012294374707583539,-0.010499640829339851,-0.010499640829339851
2024-01-19,0.006109879376162475,0.006109879376162475,0.007052179989402835,0.006109879376162475,0.006109879376162475
2024-01-22,0.0029590676638755475,0.0029590676638755475,0.003411413191149701,0.0029590676638755475,0.0029590676638755475
2024-01-23,-0.004069587241517847,-0.004069587241517847,-0.004690420850091684,-0.004069587241517847,-0.004069587241517847
2024-01-24,0.0026913079880515056,0.0026913079880515056,0.003101138532529017,0.0026913079880515056,0.0026913079880515056
2024-01-25,-0.004950616944632391,-0.004950616944632391,-0.005700849651455788,-0.004950616944632391,-0.004950616944632391
2024-01-26,0.003066039408335941,0.003066039408335941,0.0035541608926023802,0.003066039408335941,0.003066039408335941
2024-01-29,-0.00019231475627168315,-0.00019231475627168315,-0.00022332529384812646,-0.00019231475627168315,-0.00019231475627168315
2024-01-30,0.004070291559264083,0.004070291559264083,0.004761536222360327,0.004070291559264083,0.004070291559264083
2024-01-31,0.0017275460139678511,0.0017275460139678511,0.0020191113346703245,0.0017275460139678511,0.0017275460139678511
2024-02-01,0.005253589086465338,0.005253589086465338,0.006140483159249734,0.005253589086465338,0.005253589086465338
2024-02-02,-0.002769319446079388,-0.002769319446079388,-0.0032317916480585377,-0.002769319446079388,-0.002769319446079388
2024-02-05,-0.006934236712407893,-0.006934236712407893,-0.008164405663564512,-0.006934236712407893,-0.006934236712407893
2024-02-06,0.005488651356636565,0.005488651356636565,0.006423088994541084,0.005488651356636565,0.005488651356636565
2024-02-07,-8.044892662073533e-05,-8.044892662073533e-05,-9.720056959747172e-05,-8.044892662073533e-05,-8.044892662073533e-05
2024-02-08,-0.00046254486812924434,-0.00046254486812924434,-0.0005476072816187908,-0.00046254486812924434,-0.00046254486812924434
2024-02-09,-0.005164992939204138,-0.005164992939204138,-0.006200749517745429,-0.005164992939204138,-0.005164992939204138
2024-02-12,-0.0003723465185724306,-0.0003723465185724306,-0.00044590486486068866,-0.0003723465185724306,-0.0003723465185724306
2024-02-13,-0.0019676291672030555,-0.0019676291672030555,-0.0023767936979915178,-0.0019676291672030555,-0.0019676291672030555
2024-02-14,-0.013346535806451842,-0.013346535806451842,-0.016125262088963543,-0.013346535806451842,-0.013346535806451842
2024-02-15,-3.889066168982769e-05,-3.889066168982769e-05,-4.734338987538085e-05,-3.889066168982769e-05,-3.889066168982769e-05
2024-02-16,0.0060255269161948455,0.0060255269161948455,0.007293618931715221,0.0060255269161948455,0.0060255269161948455
2024-02-19,0.007454497585119846,0.007454497585119846,0.009004445072547614,0.007454497585119846,0.007454497585119846
2024-02-20,-0.001250024880674272,-0.001250024880674272,-0.0015025447023433282,-0.001250024880674272,-0.001250024880674272
2024-02-21,0.004815540530357376,0.004815540530357376,0.0057822854317935175,0.004815540530357376,0.004815540530357376
2024-02-22,0.0004276631764688066,0.0004276631764688066,0.0005114598032062504,0.0004276631764688066,0.0004276631764688066
2024-02-23,-0.00015431311062241715,-0.00015431311062241715,-0.00018871463620006882,-0.00015431311062241715,-0.00015431311062241715
2024-02-26,0.0020848556163006737,0.0020848556163006737,0.002521058502885625,0.0020848556163006737,0.0020848556163006737
2024-02-27,0.0008389407924573877,0.0008389407924573877,0.0010445798563436942,0.0008389407924573877,0.0008389407924573877
2024-02-28,-0.0003245932821583919,-0.0003245932821583919,-0.0004081200792433165,-0.0003245932821583919,-0.0003245932821583919
2024-02-29,0.0017441730608527273,0.0017441730608527273,0.0021925717040568973,0.0017441730608527273,0.0017441730608527273
2024-03-01,0.004121502656591947,0.004121502656591947,0.005563710426001418,0.004121502656591947,0.004121502656591947
2024-03-04,0.018068549934649347,0.018068549934649347,0.02720193004268621,0.018068549934649347,0.018068549934649347
2024-03-05,0.014363204523048623,0.014363204523048623,0.020492418570874704,0.014363204523048623,0.014363204523048623
2024-03-06,0.0070037788579084825,0.0070037788579084825,0.009660900669281146,0.0070037788579084825,0.0070037788579084825
2024-03-07,0.009290573748826247,0.009290573748826247,0.012739532780696205,0.009290573748826247,0.009290573748826247
2024-03-08,0.00489106714929477,0.00489106714929477,0.006943607938143942,0.00489106714929477,0.00489106714929477
2024-03-11,0.010550299923091755,0.010550299923091755,0.015273774813022709,0.010550299923091755,0.010550299923091755
2024-03-12,0.0010964468998988508,0.0010964468998988508,0.0015625635694962996,0.0010964468998988508,0.0010964468998988508
2024-03-13,-0.010529378230383357,-0.010529378230383357,-0.017527825782222787,-0.010529378230383357,-0.010529378230383357
2024-03-14,0.007523118846210153,0.007523118846210153,0.012071845754366786,0.007523118846210153,0.007523118846210153
2024-03-15,-0.005468258234136325,-0.005468258234136325,-0.008783602402846351,-0.005468258234136325,-0.005468258234136325
2024-03-18,-0.005138682808054962,-0.005138682808054962,-0.008173224945624348,-0.005138682808054962,-0.005138682808054962
2024-03-19,0.004234918696113699,0.004234918696113699,0.006701530024534727,0.004234918696113699,0.004234918696113699
2024-03-20,-0.0012266169633903257,-0.0012266169633903257,-0.0019376900727000148,-0.0012266169633903257,-0.0012266169633903257
2024-03-21,0.02189758802809716,0.02189758802809716,0.03482716396095981,0.02189758802809716,0.02189758802809716
2024-03-22,-0.013240050001906423,-0.013240050001906423,-0.019200620011769778,-0.013240050001906423,-0.013240050001906423
2024-03-25,-0.000554495264344812,-0.000554495264344812,-0.0007848347313320071,-0.000554495264344812,-0.000554495264344812
2024-03-26,-0.0024118846982759123,-0.0024118846982759123,-0.0033686008109501753,-0.0024118846982759123,-0.0024118846982759123
2024-03-27,0.002738369889019099,0.002738369889019099,0.003846379228204386,0.002738369889019099,0.002738369889019099
2024-03-28,0.006276073613710853,0.006276073613710853,0.008888113190693384,0.006276073613710853,0.006276073613710853
2024-03-29,0.019915427847884137,0.019915427847884137,0.02813341779266642,0.019915427847884137,0.019915427847884137
2024-04-01,0.010443615309588372,0.010443615309588372,0.013850397735030726,0.010443615309588372,0.010443615309588372
2024-04-02,-0.003475478296508072,-0.003475478296508072,-0.004559792454219276,-0.003475478296508072,-0.003475478296508072
2024-04-03,0.015470304707665417,0.015470304707665417,0.02062424121403316,0.015470304707665417,0.015470304707665417
2024-04-04,0.007349136883373131,0.007349136883373131,0.009494617774019432,0.007349136883373131,0.007349136883373131
2024-04-05,-0.011733367834799502,-0.011733367834799502,-0.01513222394773667,-0.011733367834799502,-0.011733367834799502
2024-04-08,0.023330075522068228,0.023330075522068228,0.029415149820769336,0.023330075522068228,0.023330075522068228
2024-04-09,0.006499595419572568,0.006499595419572568,0.007688143544610972,0.006499595419572568,0.006499595419572568
2024-04-10,0.0033848323922622825,0.0033848323922622825,0.004007049458382476,0.0033848323922622825,0.0033848323922622825
2024-04-11,-0.0035976101291893547,-0.0035976101291893547,-0.004258685939399853,-0.0035976101291893547,-0.0035976101291893547
2024-04-12,0.02181674876005535,0.02181674876005535,0.025838548964838334,0.02181674876005535,0.02181674876005535
2024-04-15,-0.014983615740010503,-0.014983615740010503,-0.016939772904103582,-0.014983615740010503,-0.014983615740010503
2024-04-16,0.007876624534179921,0.007876624534179921,0.008720092300577898,0.007876624534179921,0.007876624534179921
2024-04-17,0.0036925942355860997,0.0036925942355860997,0.004154316302251764,0.0036925942355860997,0.0036925942355860997
2024-04-18,-0.005976160893431337,-0.005976160893431337,-0.006738348454586581,-0.005976160893431337,-0.005976160893431337
2024-04-19,0.018016347516072173,0.018016347516072173,0.02013772370524775,0.018016347516072173,0.018016347516072173
2024-04-22,-0.01476768992590316,-0.01476768992590316,-0.01615782590702636,-0.01476768992590316,-0.01476768992590316
2024-04-23,-0.028567394534739887,-0.028567394534739887,-0.03023835031466476,-0.028567394534739887,-0.028567394534739887
2024-04-24,0.00466883611675617,0.00466883611675617,0.00451273002547409,0.00466883611675617,0.00466883611675617
2024-04-25,0.00031710521317274143,0.00031710521317274143,0.00030746141333357817,0.00031710521317274143,0.00031710521317274143
2024-04-26,0.006117750818537271,0.006117750818537271,0.005934565430818188,0.006117750818537271,0.006117750818537271
2024-04-29,-0.0018360933144138114,-0.0018360933144138114,-0.0017794968626524488,-0.0018360933144138114,-0.0018360933144138114
2024-04-30,0.0009325479316157903,0.0009325479316157903,0.0009021351142600853,0.0009325479316157903,0.0009325479316157903
2024-05-01,-0.019097363081424623,-0.019097363081424623,-0.018493311138068954,-0.019097363081424623,-0.019097363081424623
2024-05-02,0.016395794796792762,0.016395794796792762,0.015312677307776676,0.016395794796792762,0.016395794796792762
2024-05-03,-0.01011317186439209,-0.01011317186439209,-0.009356404256747355,-0.01011317186439209,-0.01011317186439209
2024-05-06,0.004893070965171775,0.004893070965171775,0.004474710664371194,0.004893070965171775,0.004893070965171775
2024-05-07,0.0041664115467119345,0.0041664115467119345,0.0038107454208868947,0.0041664115467119345,0.0041664115467119345
2024-05-08,-0.0059468460426488345,-0.0059468460426488345,-0.00544032958913786,-0.0059468460426488345,-0.0059468460426488345
2024-05-09,0.0002784970154166011,0.0002784970154166011,0.00025436270862965886,0.0002784970154166011,0.0002784970154166011
2024-05-10,0.018230954087550044,0.018230954087550044,0.016666018690287873,0.018230954087550044,0.018230954087550044
2024-05-13,0.0032306441949352394,0.0032306441949352394,0.0028971922979930407,0.0032306441949352394,0.0032306441949352394
2024-05-14,-0.006775906448655222,-0.006775906448655222,-0.00620684023889248,-0.006775906448655222,-0.006775906448655222
2024-05-15,0.0063829601968707905,0.0063829601968707905,0.005805190305698356,0.0063829601968707905,0.0063829601968707905
2024-05-16,0.012955165811557867,0.012955165811557867,0.011782493681088128,0.012955165811557867,0.012955165811557867
2024-05-17,-0.0046041661502636,-0.0046041661502636,-0.004161983172723613,-0.0046041661502636,-0.0046041661502636
2024-05-20,0.02384850329299537,0.02384850329299537,0.0214898163829279,0.02384850329299537,0.02384850329299537
2024-05-21,-0.005430575701171891,-0.005430575701171891,-0.004744052655568094,-0.005430575701171891,-0.005430575701171891
2024-05-22,0.001907595368201953,0.001907595368201953,0.0016561703230187881,0.001907595368201953,0.001907595368201953
2024-05-23,-0.021983873023260325,-0.021983873023260325,-0.01910668489263294,-0.021983873023260325,-0.021983873023260325
2024-05-24,-0.016071494290931132,-0.016071494290931132,-0.013409644425255813,-0.016071494290931132,-0.016071494290931132
2024-05-27,0.002064678433050249,0.002064678433050249,0.0016815573395496765,0.002064678433050249,0.002064678433050249
2024-05-28,0.006420028885875562,0.006420028885875562,0.0052419077586889655,0.006420028885875562,0.006420028885875562
2024-05-29,0.0015525923725550062,0.0015525923725550062,0.001266237066067986,0.0015525923725550062,0.0015525923725550062
2024-05-30,-0.00918484417782417,-0.00918484417782417,-0.007493006160266174,-0.00918484417782417,-0.00918484417782417
2024-05-31,0.0047131038406087455,0.0047131038406087455,0.0038744263668223544,0.0047131038406087455,0.0047131038406087455
2024-06-03,-0.007142529343058368,-0.007142529343058368,-0.005931262097861858,-0.007142529343058368,-0.007142529343058368
2024-06-04,0.007866857992745668,0.007866857992745668,0.006510378544930284,0.007866857992745668,0.007866857992745668
2024-06-05,-0.007363021639095746,-0.007363021639095746,-0.006101992357834059,-0.007363021639095746,-0.007363021639095746
2024-06-06,0.015871914134681253,0.015871914134681253,0.013098287799723612,0.015871914134681253,0.015871914134681253
2024-06-07,0.0011061650745407547,0.0011061650745407547,0.000904335856771031,0.0011061650745407547,0.0011061650745407547
2024-06-10,-0.03043610252097806,-0.03043610252097806,-0.024918907807401174,-0.03043610252097806,-0.03043610252097806
2024-06-11,0.000996495320953139,0.000996495320953139,0.0007667277927210355,0.000996495320953139,0.000996495320953139
2024-06-12,0.005261977093470982,0.005261977093470982,0.004101524249490264,0.005261977093470982,0.005261977093470982
2024-06-13,0.0004804247660523675,0.0004804247660523675,0.00037481613752630695,0.0004804247660523675,0.0004804247660523675
2024-06-14,-0.0034892287353801565,-0.0034892287353801565,-0.0027303040905847864,-0.0034892287353801565,-0.0034892287353801565
2024-06-17,0.008195481845303831,0.008195481845303831,0.006407514587636882,0.008195481845303831,0.008195481845303831
2024-06-18,-0.0006735375902710006,-0.0006735375902710006,-0.0005256865520656418,-0.0006735375902710006,-0.0006735375902710006
2024-06-19,0.002831074406402845,0.002831074406402845,0.002260200088498269,0.002831074406402845,0.002831074406402845
2024-06-20,0.0029354044490486064,0.0029354044490486064,0.0023742750921373506,0.0029354044490486064,0.0029354044490486064
2024-06-21,0.00992896255962794,0.00992896255962794,0.008037491619786357,0.00992896255962794,0.00992896255962794
2024-06-24,-0.016164302412645104,-0.016164302412645104,-0.013037206071214984,-0.016164302412645104,-0.016164302412645104
2024-06-25,0.0017075587491777178,0.0017075587491777178,0.0013497311214139248,0.0017075587491777178,0.0017075587491777178
2024-06-26,-0.004882922511139087,-0.004882922511139087,-0.0038742449355320114,-0.004882922511139087,-0.004882922511139087
2024-06-27,-0.00683437792988717,-0.00683437792988717,-0.005534524381058596,-0.00683437792988717,-0.00683437792988717
2024-06-28,0.009627489053264382,0.009627489053264382,0.007813149692706066,0.009627489053264382,0.009627489053264382
2024-07-01,0.0024912156360128446,0.0024912156360128446,0.0020126915419693197,0.0024912156360128446,0.0024912156360128446
2024-07-02,0.002937894837377275,0.002937894837377275,0.002404887272208188,0.002937894837377275,0.002937894837377275
2024-07-03,-0.0012479584977835856,-0.0012479584977835856,-0.0010256743626390257,-0.0012479584977835856,-0.0012479584977835856
2024-07-04,0.012948830787460563,0.012948830787460563,0.010734353153703687,0.012948830787460563,0.012948830787460563
2024-07-05,-0.00042192750463643236,-0.00042192750463643236,-0.00036250352754841025,-0.00042192750463643236,-0.00042192750463643236
2024-07-08,0.011203386202342625,0.011203386202342625,0.009541777042169306,0.011203386202342625,0.011203386202342625
2024-07-09,-0.009830913600330948,-0.009830913600330948,-0.008312561600161642,-0.009830913600330948,-0.009830913600330948
2024-07-10,0.0010557536372244325,0.0010557536372244325,0.0008864451650130706,0.0010557536372244325,0.0010557536372244325
2024-07-11,0.0029839260707495985,0.0029839260707495985,0.00258494798311018,0.0029839260707495985,0.0029839260707495985
2024-07-12,0.016852665529348165,0.016852665529348165,0.014856141340971844,0.016852665529348165,0.016852665529348165
2024-07-15,-0.0016969404204018046,-0.0016969404204018046,-0.0014757595224286386,-0.0016969404204018046,-0.0016969404204018046
2024-07-16,0.005468991089623287,0.005468991089623287,0.00474992325724407,0.005468991089623287,0.005468991089623287
2024-07-17,0.019079481877881,0.019079481877881,0.016586194068401824,0.019079481877881,0.019079481877881
2024-07-18,-0.0034647319805607424,-0.0034647319805607424,-0.0030042861665010782,-0.0034647319805607424,-0.0034647319805607424
2024-07-19,-0.00916920507093566,-0.00916920507093566,-0.008076599382589648,-0.00916920507093566,-0.00916920507093566
2024-07-22,-0.011084592112401426,-0.011084592112401426,-0.010359136067115169,-0.011084592112401426,-0.011084592112401426
2024-07-23,-0.005040930320396875,-0.005040930320396875,-0.004660583548776196,-0.005040930320396875,-0.005040930320396875
2024-07-24,0.00522653628866987,0.00522653628866987,0.004817506496118365,0.00522653628866987,0.00522653628866987
2024-07-25,-0.005099472075161482,-0.005099472075161482,-0.004704384133721951,-0.005099472075161482,-0.005099472075161482
2024-07-26,-0.01359183459629898,-0.01359183459629898,-0.012512849784262488,-0.01359183459629898,-0.01359183459629898
2024-07-29,0.014287577937730944,0.014287577937730944,0.012951259350052438,0.014287577937730944,0.014287577937730944
2024-07-30,-0.006979225503669806,-0.006979225503669806,-0.006428493049366339,-0.006979225503669806,-0.006979225503669806
2024-07-31,0.01134986069986188,0.01134986069986188,0.010608960212647634,0.01134986069986188,0.01134986069986188
2024-08-01,0.01539631318250656,0.01539631318250656,0.014394363769019789,0.01539631318250656,0.01539631318250656
2024-08-02,-0.00013524360980088357,-0.00013524360980088357,-0.00012738576691338134,-0.00013524360980088357,-0.00013524360980088357
2024-08-05,-0.004735188842054039,-0.004735188842054039,-0.0043614979255579825,-0.004735188842054039,-0.004735188842054039
2024-08-06,-0.010690926746515506,-0.010690926746515506,-0.009858932860848388,-0.010690926746515506,-0.010690926746515506
2024-08-07,-0.010486568837317134,-0.010486568837317134,-0.00957229883760575,-0.010486568837317134,-0.010486568837317134
2024-08-08,0.0008420867265812593,0.0008420867265812593,0.0007775950124454662,0.0008420867265812593,0.0008420867265812593
2024-08-09,0.016261096369694972,0.016261096369694972,0.015080597899728715,0.016261096369694972,0.016261096369694972
2024-08-12,0.0018110159415287708,0.0018110159415287708,0.0016502787611099036,0.0018110159415287708,0.0018110159415287708
2024-08-13,0.01983479121178111,0.01983479121178111,0.018151694530587327,0.01983479121178111,0.01983479121178111
2024-08-14,-0.004509584958012902,-0.004509584958012902,-0.004061420096392109,-0.004509584958012902,-0.004509584958012902
2024-08-15,-0.0061409264940794905,-0.0061409264940794905,-0.005526915983232326,-0.0061409264940794905,-0.0061409264940794905
2024-08-16,0.0032321407396236346,0.0032321407396236346,0.0030204262766949804,0.0032321407396236346,0.0032321407396236346
2024-08-19,0.019650418888476517,0.019650418888476517,0.01844223779647196,0.019650418888476517,0.019650418888476517
2024-08-20,-0.000481401977914131,-0.000481401977914131,-0.00044416500210089856,-0.000481401977914131,-0.000481401977914131
2024-08-21,0.003437589652601547,0.003437589652601547,0.0032585197699179645,0.003437589652601547,0.003437589652601547
2024-08-22,-0.0003306652666076326,-0.0003306652666076326,-0.0003269215769389624,-0.0003306652666076326,-0.0003306652666076326
2024-08-23,-0.01016235538609056,-0.01016235538609056,-0.009898413965347087,-0.01016235538609056,-0.01016235538609056
2024-08-26,0.01124009017901928,0.01124009017901928,0.010853486231104223,0.01124009017901928,0.01124009017901928
2024-08-27,0.0004904159935574803,0.0004904159935574803,0.0004676162281580035,0.0004904159935574803,0.0004904159935574803
2024-08-28,0.0034687852447843337,0.0034687852447843337,0.0033487343750709495,0.0034687852447843337,0.0034687852447843337
2024-08-29,-0.005894170440243762,-0.005894170440243762,-0.005696862966410787,-0.005894170440243762,-0.005894170440243762
2024-08-30,0.0034276902296763723,0.0034276902296763723,0.003318156598420894,0.0034276902296763723,0.0034276902296763723
2024-09-02,-0.006478644101820197,-0.006478644101820197,-0.006294776296599325,-0.006478644101820197,-0.006478644101820197
2024-09-03,-0.0023763444688839064,-0.0023763444688839064,-0.002311821031058574,-0.0023763444688839064,-0.0023763444688839064
2024-09-04,-0.0012202642945932096,-0.0012202642945932096,-0.0012132730622669533,-0.0012202642945932096,-0.0012202642945932096
2024-09-05,0.0009059188368432114,0.0009059188368432114,0.0008975514284232483,0.0009059188368432114,0.0009059188368432114
2024-09-06,0.008731431458293137,0.008731431458293137,0.009548164613961756,0.008731431458293137,0.008731431458293137
2024-09-09,-0.00772228210252901,-0.00772228210252901,-0.00841406114512322,-0.00772228210252901,-0.00772228210252901
2024-09-10,0.0034179092294679414,0.0034179092294679414,0.003694389454337008,0.0034179092294679414,0.0034179092294679414
2024-09-11,0.004770505165114791,0.004770505165114791,0.005156342559072152,0.004770505165114791,0.004770505165114791
2024-09-12,-0.002540218236015246,-0.002540218236015246,-0.0027496317269901788,-0.002540218236015246,-0.002540218236015246
2024-09-13,0.018343354284439783,0.018343354284439783,0.019922087519999434,0.018343354284439783,0.018343354284439783
2024-09-16,0.009076928910426885,0.009076928910426885,0.009558738321374915,0.009076928910426885,0.009076928910426885
2024-09-17,0.0009229145893761004,0.0009229145893761004,0.00096595693192088,0.0009229145893761004,0.0009229145893761004
2024-09-18,-0.004082174970934882,-0.004082174970934882,-0.0042782758486756035,-0.004082174970934882,-0.004082174970934882
2024-09-19,-0.005880020548554965,-0.005880020548554965,-0.006188289259764641,-0.005880020548554965,-0.005880020548554965
2024-09-20,0.011031660827483414,0.011031660827483414,0.011925095550781216,0.011031660827483414,0.011031660827483414
2024-09-23,0.013107352837633535,0.013107352837633535,0.014039201385944023,0.013107352837633535,0.013107352837633535
2024-09-24,0.001998999012064351,0.001998999012064351,0.002121256173639499,0.001998999012064351,0.001998999012064351
2024-09-25,0.012354114488294154,0.012354114488294154,0.013230622682357066,0.012354114488294154,0.012354114488294154
2024-09-26,-0.0003998669167052382,-0.0003998669167052382,-0.00042719879185673665,-0.0003998669167052382,-0.0003998669167052382
2024-09-27,0.005642870625670593,0.005642870625670593,0.006008795502174085,0.005642870625670593,0.005642870625670593
2024-09-30,-0.0025817669316452463,-0.0025817669316452463,-0.0027461717258351354,-0.0025817669316452463,-0.0025817669316452463
2024-10-01,-0.010628103944455125,-0.010628103944455125,-0.011291030934272143,-0.010628103944455125,-0.010628103944455125
2024-10-02,0.008687804099882568,0.008687804099882568,0.009191139687834806,0.008687804099882568,0.008687804099882568
2024-10-03,0.0004914459822280559,0.0004914459822280559,0.00051682429303451,0.0004914459822280559,0.0004914459822280559
2024-10-04,-0.0014485837335442842,-0.0014485837335442842,-0.0015417039361617603,-0.0014485837335442842,-0.0014485837335442842
2024-10-07,-0.002545473733542858,-0.002545473733542858,-0.002745216588606585,-0.002545473733542858,-0.002545473733542858
2024-10-08,-0.002402470888671293,-0.002402470888671293,-0.0025834366964283266,-0.002402470888671293,-0.002402470888671293
2024-10-09,-0.007872166241801759,-0.007872166241801759,-0.00844921009680291,-0.007872166241801759,-0.007872166241801759
2024-10-10,-0.006125256318259886,-0.006125256318259886,-0.006682380413640123,-0.006125256318259886,-0.006125256318259886
2024-10-11,0.010186609445089312,0.010186609445089312,0.011049390153217533,0.010186609445089312,0.010186609445089312
2024-10-14,0.004810484185311159,0.004810484185311159,0.005182152543673308,0.004810484185311159,0.004810484185311159
2024-10-15,0.0010312277047743734,0.0010312277047743734,0.001142446440643209,0.0010312277047743734,0.0010312277047743734
2024-10-16,0.00427310239654255,0.00427310239654255,0.004776533477286782,0.00427310239654255,0.00427310239654255
2024-10-17,0.005497828163530061,0.005497828163530061,0.006217750105974649,0.005497828163530061,0.005497828163530061
2024-10-18,0.0072046191930394965,0.0072046191930394965,0.008292310837632327,0.0072046191930394965,0.0072046191930394965
2024-10-21,0.011016622293953837,0.011016622293953837,0.012712851731045048,0.011016622293953837,0.011016622293953837
2024-10-22,-0.00040212340838086114,-0.00040212340838086114,-0.0004620015381640749,-0.00040212340838086114,-0.00040212340838086114
2024-10-23,0.007305701548546262,0.007305701548546262,0.00840153976229355,0.007305701548546262,0.007305701548546262
2024-10-24,-0.008172759248513906,-0.008172759248513906,-0.009678840169474245,-0.008172759248513906,-0.008172759248513906
2024-10-25,0.004573828251528633,0.004573828251528633,0.005439065949613855,0.004573828251528633,0.004573828251528633
2024-10-28,-8.468083139578919e-05,-8.468083139578919e-05,-0.00010421677832529327,-8.468083139578919e-05,-8.468083139578919e-05
2024-10-29,0.0029206747533094823,0.0029206747533094823,0.0035458497422207382,0.0029206747533094823,0.0029206747533094823
2024-10-30,0.009445063604171855,0.009445063604171855,0.01176594224183495,0.009445063604171855,0.009445063604171855
2024-10-31,0.006981990319297582,0.006981990319297582,0.008634607564584477,0.006981990319297582,0.006981990319297582
2024-11-01,-0.013967786363924262,-0.013967786363924262,-0.01733407366797817,-0.013967786363924262,-0.013967786363924262
2024-11-04,-0.002863159118044689,-0.002863159118044689,-0.0035087704956162534,-0.002863159118044689,-0.002863159118044689
2024-11-05,-0.0011522252932893995,-0.0011522252932893995,-0.001442961912046398,-0.0011522252932893995,-0.0011522252932893995
2024-11-06,0.003180106561131879,0.003180106561131879,0.0039635388865580795,0.003180106561131879,0.003180106561131879
2024-11-07,-0.029560790621773414,-0.029560790621773414,-0.03796975704701455,-0.029560790621773414,-0.029560790621773414
2024-11-08,0.016907512920702583,0.016907512920702583,0.018993054163284683,0.016907512920702583,0.016907512920702583
2024-11-11,-0.008795212291046628,-0.008795212291046628,-0.010017326685791493,-0.008795212291046628,-0.008795212291046628
2024-11-12,-0.022962132573152938,-0.022962132573152938,-0.025930907610602096,-0.022962132573152938,-0.022962132573152938
2024-11-13,-0.009320203323548104,-0.009320203323548104,-0.009927438339786472,-0.009320203323548104,-0.009320203323548104
2024-11-14,-0.010093981112334172,-0.010093981112334172,-0.010625550986446797,-0.010093981112334172,-0.010093981112334172
2024-11-15,-0.0020741781307289653,-0.0020741781307289653,-0.0022457043706665927,-0.0020741781307289653,-0.0020741781307289653
2024-11-18,0.0020122581389414584,0.0020122581389414584,0.002171886134908345,0.0020122581389414584,0.0020122581389414584
2024-11-19,0.01552995293695636,0.01552995293695636,0.0167748005603217,0.01552995293695636,0.01552995293695636
2024-11-20,0.009353624911083935,0.009353624911083935,0.00985972580295965,0.009353624911083935,0.009353624911083935
2024-11-21,0.006077254473077609,0.006077254473077609,0.006440155829288085,0.006077254473077609,0.006077254473077609
2024-11-22,0.006989145494158633,0.006989145494158633,0.007468881206955386,0.006989145494158633,0.006989145494158633
2024-11-25,0.01784216242186143,0.01784216242186143,0.018996691903642497,0.01784216242186143,0.01784216242186143
2024-11-26,-0.03953406829734396,-0.03953406829734396,-0.04092467358005113,-0.03953406829734396,-0.03953406829734396
2024-11-27,0.008086495653367942,0.008086495653367942,0.0072607514675485174,0.008086495653367942,0.008086495653367942
2024-11-28,0.001750806286870299,0.001750806286870299,0.0015715787400965619,0.001750806286870299,0.001750806286870299
2024-11-29,0.0004328785807437008,0.0004328785807437008,0.00038955474142118445,0.0004328785807437008,0.0004328785807437008
2024-12-02,0.0029878974194896823,0.0029878974194896823,0.0026958045483859256,0.0029878974194896823,0.0029878974194896823
2024-12-03,-0.0014641371993843189,-0.0014641371993843189,-0.0013211506827480969,-0.0014641371993843189,-0.0014641371993843189
2024-12-04,0.0004561839861330075,0.0004561839861330075,0.00041136249886787043,0.0004561839861330075,0.0004561839861330075
2024-12-05,0.0022827931078617247,0.0022827931078617247,0.002067731900305749,0.0022827931078617247,0.0022827931078617247
2024-12-06,-0.006392074998695874,-0.006392074998695874,-0.005825815515921787,-0.006392074998695874,-0.006392074998695874
2024-12-09,0.0014313383469433116,0.0014313383469433116,0.0012989172123800147,0.0014313383469433116,0.0014313383469433116
2024-12-10,0.008767561811895197,0.008767561811895197,0.007969701339300172,0.008767561811895197,0.008767561811895197
2024-12-11,0.013438340768303192,0.013438340768303192,0.01216732494373429,0.013438340768303192,0.013438340768303192
2024-12-12,0.009462139511721368,0.009462139511721368,0.008663817040560145,0.009462139511721368,0.009462139511721368
2024-12-13,-0.01488490344602611,-0.01488490344602611,-0.01362551106284371,-0.01488490344602611,-0.01488490344602611
2024-12-16,-0.01075309864408025,-0.01075309864408025,-0.009663113605292113,-0.01075309864408025,-0.01075309864408025
2024-12-17,0.0006164785551430185,0.0006164785551430185,0.0005479561767359107,0.0006164785551430185,0.0006164785551430185
2024-12-18,-0.001965725563238485,-0.001965725563238485,-0.0017578008048407165,-0.001965725563238485,-0.001965725563238485
2024-12-19,-0.02175044405080717,-0.02175044405080717,-0.019598222820773108,-0.02175044405080717,-0.02175044405080717
2024-12-20,0.001468302342167549,0.001468302342167549,0.0012885722400681288,0.001468302342167549,0.001468302342167549
2024-12-23,0.01203131754439779,0.01203131754439779,0.01059383889648565,0.01203131754439779,0.01203131754439779
2024-12-24,-0.0034747630891835968,-0.0034747630891835968,-0.003061482680169799,-0.0034747630891835968,-0.0034747630891835968
2024-12-25,0.0002035745940129896,0.0002035745940129896,0.00017907527232218808,0.0002035745940129896,0.0002035745940129896
2024-12-26,0.0010344835626046045,0.0010344835626046045,0.0009125315622970011,0.0010344835626046045,0.0010344835626046045
2024-12-27,0.005342063830919841,0.005342063830919841,0.0047158317434637135,0.005342063830919841,0.005342063830919841
2024-12-30,-0.003173440148734885,-0.003173440148734885,-0.0028192908173283195,-0.003173440148734885,-0.003173440148734885
2024-12-31,-0.007327909570250757,-0.007327909570250757,-0.006540916522125735,-0.007327909570250757,-0.007327909570250757
2025-01-01,0.007295299360172702,0.007295299360172702,0.006486120480942673,0.007295299360172702,0.007295299360172702
2025-01-02,0.0004384626091835653,0.0004384626091835653,0.0003875818453968094,0.0004384626091835653,0.0004384626091835653
2025-01-03,0.013443632601166211,0.013443632601166211,0.011910363551000766,0.013443632601166211,0.013443632601166211
2025-01-06,-0.007468906396528863,-0.007468906396528863,-0.00653639631986285,-0.007468906396528863,-0.007468906396528863
2025-01-07,-0.0024190722874628534,-0.0024190722874628534,-0.002117363242469809,-0.0024190722874628534,-0.0024190722874628534
2025-01-08,0.005647042962102944,0.005647042962102944,0.004953903358253706,0.005647042962102944,0.005647042962102944
2025-01-09,0.004730095944079249,0.004730095944079249,0.004170092299506308,0.004730095944079249,0.004730095944079249
2025-01-10,0.002996515166347802,0.002996515166347802,0.002642452183273362,0.002996515166347802,0.002996515166347802
2025-01-13,0.008369610597336985,0.008369610597336985,0.0073767073434618715,0.008369610597336985,0.008369610597336985
2025-01-14,-0.009165753419315248,-0.009165753419315248,-0.00804992247668805,-0.009165753419315248,-0.009165753419315248
2025-01-15,0.0027356406325536042,0.0027356406325536042,0.0023917715343330275,0.0027356406325536042,0.0027356406325536042
2025-01-16,0.0072979687253089676,0.0072979687253089676,0.006402466215704461,0.0072979687253089676,0.0072979687253089676
2025-01-17,0.00768251065882386,0.00768251065882386,0.006773160713433376,0.00768251065882386,0.00768251065882386
2025-01-20,-0.007729311065113431,-0.007729311065113431,-0.00678665680626461,-0.007729311065113431,-0.007729311065113431
2025-01-21,0.005964430773451879,0.005964430773451879,0.005235211047483186,0.005964430773451879,0.005964430773451879
2025-01-22,0.012719570895693089,0.012719570895693089,0.011186762904456636,0.012719570895693089,0.012719570895693089
2025-01-23,0.003427497488900366,0.003427497488900366,0.0029827448072746775,0.003427497488900366,0.003427497488900366
2025-01-24,0.00037082606453009426,0.00037082606453009426,0.0003225221081399904,0.00037082606453009426,0.00037082606453009426
2025-01-27,0.004323260642724591,0.004323260642724591,0.0037635676627252863,0.004323260642724591,0.004323260642724591
2025-01-28,-0.008973659674645251,-0.008973659674645251,-0.007851750093733465,-0.008973659674645251,-0.008973659674645251
2025-01-29,0.007411650247447055,0.007411650247447055,0.006470210684892245,0.007411650247447055,0.007411650247447055
2025-01-30,-0.0009642910419248585,-0.0009642910419248585,-0.0008520932684005616,-0.0009642910419248585,-0.0009642910419248585
2025-01-31,0.013555389542124763,0.013555389542124763,0.011960216612581656,0.013555389542124763,0.013555389542124763
2025-02-03,-0.0008853910336452664,-0.0008853910336452664,-0.0007736948747934848,-0.0008853910336452664,-0.0008853910336452664
2025-02-04,0.006821409219289309,0.006821409219289309,0.005946535033099213,0.006821409219289309,0.006821409219289309
2025-02-05,0.009825461826237891,0.009825461826237891,0.009140660162168314,0.009825461826237891,0.009825461826237891
2025-02-06,0.009760936244679774,0.009760936244679774,0.009223328125222495,0.009760936244679774,0.009760936244679774
2025-02-07,-0.003673726112668474,-0.003673726112668474,-0.003477825271481794,-0.003673726112668474,-0.003673726112668474
2025-02-10,0.0032940549947113595,0.0032940549947113595,0.003266796591844389,0.0032940549947113595,0.0032940549947113595
2025-02-11,0.016993471663508064,0.016993471663508064,0.017081730594631465,0.016993471663508064,0.016993471663508064
2025-02-12,-0.007133335479460379,-0.007133335479460379,-0.007114048128812286,-0.007133335479460379,-0.007133335479460379
2025-02-13,0.003657156416380314,0.003657156416380314,0.0036227380387558023,0.003657156416380314,0.003657156416380314
2025-02-14,0.007720837333046626,0.007720837333046626,0.007648727594374209,0.007720837333046626,0.007720837333046626
2025-02-17,-0.014974146570534863,-0.014974146570534863,-0.01504794364378531,-0.014974146570534863,-0.014974146570534863
2025-02-18,0.004899683479504313,0.004899683479504313,0.004820566924214732,0.004899683479504313,0.004899683479504313
2025-02-19,0.011915563869351109,0.011915563869351109,0.011742841094980723,0.011915563869351109,0.011915563869351109
2025-02-20,0.0010502969359686976,0.0010502969359686976,0.0010264053721168375,0.0010502969359686976,0.0010502969359686976
2025-02-21,0.0014005722887844296,0.0014005722887844296,0.0014000670466127524,0.0014005722887844296,0.0014005722887844296
2025-02-24,-0.001290967626289663,-0.001290967626289663,-0.0016111101132059871,-0.001290967626289663,-0.001290967626289663
2025-02-25,0.00498588803581268,0.00498588803581268,0.006082095398449697,0.00498588803581268,0.00498588803581268
2025-02-26,-0.010636165510181206,-0.010636165510181206,-0.01295876269298712,-0.010636165510181206,-0.010636165510181206
2025-02-27,-0.0007147215869407475,-0.0007147215869407475,-0.0008579932221044871,-0.0007147215869407475,-0.0007147215869407475
2025-02-28,-0.014721823309749582,-0.014721823309749582,-0.01756244528344418,-0.014721823309749582,-0.014721823309749582
2025-03-03,-0.002379009133254173,-0.002379009133254173,-0.002754377615250097,-0.002379009133254173,-0.002379009133254173
2025-03-04,0.007914883619108748,0.007914883619108748,0.009122868362107569,0.007914883619108748,0.007914883619108748
2025-03-05,0.0074325169564681826,0.0074325169564681826,0.008521753167327483,0.0074325169564681826,0.0074325169564681826
2025-03-06,0.0020455016403697623,0.0020455016403697623,0.0023529171585696513,0.0020455016403697623,0.0020455016403697623
2025-03-07,-0.0032433455794170785,-0.0032433455794170785,-0.0037319919888626064,-0.0032433455794170785,-0.0032433455794170785
2025-03-10,0.002500127948614095,0.002500127948614095,0.002886347268862248,0.002500127948614095,0.002500127948614095
2025-03-11,-0.010881852638283118,-0.010881852638283118,-0.012803262096684604,-0.010881852638283118,-0.010881852638283118
2025-03-12,0.010256381281555704,0.010256381281555704,0.011946159256330021,0.010256381281555704,0.010256381281555704
2025-03-13,0.008115745330983692,0.008115745330983692,0.009666442714257175,0.008115745330983692,0.008115745330983692
2025-03-14,0.016333892460979715,0.016333892460979715,0.019744551025638536,0.016333892460979715,0.016333892460979715
2025-03-17,0.0012716417362643728,0.0012716417362643728,0.0014883973339301897,0.0012716417362643728,0.0012716417362643728
2025-03-18,0.0036923853682406804,0.0036923853682406804,0.004348995261588424,0.0036923853682406804,0.0036923853682406804
2025-03-19,0.01013363280912749,0.01013363280912749,0.012911689020106122,0.01013363280912749,0.01013363280912749
2025-03-20,0.007194856191119481,0.007194856191119481,0.009098479781133489,0.007194856191119481,0.007194856191119481
2025-03-21,-0.0020670128107959096,-0.0020670128107959096,-0.002644685883007444,-0.0020670128107959096,-0.0020670128107959096
2025-03-24,-0.00701853987182266,-0.00701853987182266,-0.008991756288275986,-0.00701853987182266,-0.00701853987182266
2025-03-25,-0.005022107731786352,-0.005022107731786352,-0.0063556684519314455,-0.005022107731786352,-0.005022107731786352
2025-03-26,0.0036130187600060815,0.0036130187600060815,0.0045330769972720545,0.0036130187600060815,0.0036130187600060815
2025-03-27,0.001005267966918355,0.001005267966918355,0.001262962293201263,0.001005267966918355,0.001005267966918355
2025-03-28,0.010864250159446032,0.010864250159446032,0.013707782049408932,0.010864250159446032,0.010864250159446032
2025-03-31,0.009178897165675437,0.009178897165675437,0.011622618006058376,0.009178897165675437,0.009178897165675437
2025-04-01,0.012272449003174257,0.012272449003174257,0.015490745168739007,0.012272449003174257,0.012272449003174257
2025-04-02,-0.0029204928350471393,-0.0029204928350471393,-0.0036429963131903173,-0.0029204928350471393,-0.0029204928350471393
2025-04-03,0.014586466348923688,0.014586466348923688,0.018405483559062557,0.014586466348923688,0.014586466348923688
2025-04-04,-0.014280093239638747,-0.014280093239638747,-0.017922572485902708,-0.014280093239638747,-0.014280093239638747
2025-04-07,-0.036144352374698374,-0.036144352374698374,-0.04370153923706602,-0.036144352374698374,-0.036144352374698374
2025-04-08,-0.005937784096133436,-0.005937784096133436,-0.0060989845517552725,-0.005937784096133436,-0.005937784096133436
2025-04-09,-0.0015137734684657067,-0.0015137734684657067,-0.0015382457655964898,-0.0015137734684657067,-0.0015137734684657067
2025-04-10,0.03493230758386656,0.03493230758386656,0.03543891769696273,0.03493230758386656,0.03493230758386656
2025-04-11,0.03340513491409669,0.03340513491409669,0.03090512310770193,0.03340513491409669,0.03340513491409669
2025-04-14,0.01119820705662633,0.01119820705662633,0.009737412379507895,0.01119820705662633,0.01119820705662633
2025-04-15,-0.003284689407002328,-0.003284689407002328,-0.0028465824962431016,-0.003284689407002328,-0.003284689407002328
2025-04-16,0.014583134306291656,0.014583134306291656,0.012616805572499756,0.014583134306291656,0.014583134306291656
2025-04-17,0.026980414109918804,0.026980414109918804,0.0231580596135757,0.026980414109918804,0.026980414109918804
2025-04-18,-0.0059765414464977296,-0.0059765414464977296,-0.00498506090533206,-0.0059765414464977296,-0.0059765414464977296
2025-04-21,0.008404182934475868,0.008404182934475868,0.006965186706409406,0.008404182934475868,0.008404182934475868
2025-04-22,0.019318786360128737,0.019318786360128737,0.01607733906751695,0.019318786360128737,0.019318786360128737
2025-04-23,-0.02348511371756201,-0.02348511371756201,-0.019233920253935572,-0.02348511371756201,-0.02348511371756201
2025-04-24,-0.0072586040171523925,-0.0072586040171523925,-0.005702614719415194,-0.0072586040171523925,-0.0072586040171523925
2025-04-25,0.011771938084575329,0.011771938084575329,0.009181480611143078,0.011771938084575329,0.011771938084575329
2025-04-28,-0.013628237520872832,-0.013628237520872832,-0.010674053941865314,-0.013628237520872832,-0.013628237520872832
2025-04-29,0.008416682785425511,0.008416682785425511,0.006492854749933613,0.008416682785425511,0.008416682785425511
2025-04-30,-0.004201787491016518,-0.004201787491016518,-0.003240204469953686,-0.004201787491016518,-0.004201787491016518
2025-05-01,-0.014447256037440237,-0.014447256037440237,-0.011179497177988502,-0.014447256037440237,-0.014447256037440237
2025-05-02,-0.010365265523727407,-0.010365265523727407,-0.007899464033420279,-0.010365265523727407,-0.010365265523727407
2025-05-05,0.0023093572569348186,0.0023093572569348186,0.0017445639301148187,0.0023093572569348186,0.0023093572569348186
2025-05-06,0.02635298429150068,0.02635298429150068,0.019982320284626168,0.02635298429150068,0.02635298429150068
2025-05-07,0.019357643759607468,0.019357643759607468,0.014278737647337883,0.019357643759607468,0.019357643759607468
2025-05-08,-0.006664758827841233,-0.006664758827841233,-0.004860353906559765,-0.006664758827841233,-0.006664758827841233
2025-05-09,-0.01636374121199302,-0.01636374121199302,-0.01187776863881483,-0.01636374121199302,-0.01636374121199302
2025-05-12,-0.009644056818352897,-0.009644056818352897,-0.00695333692124968,-0.009644056818352897,-0.009644056818352897
2025-05-13,-0.015076393118079179,-0.015076393118079179,-0.010841101089878938,-0.015076393118079179,-0.015076393118079179
2025-05-14,0.0033591259286309683,0.0033591259286309683,0.00238060508140992,0.0033591259286309683,0.0033591259286309683
2025-05-15,-0.02038038597475278,-0.02038038597475278,-0.014478079329253879,-0.02038038597475278,-0.02038038597475278
2025-05-16,0.018265175498290764,0.018265175498290764,0.012847494435356368,0.018265175498290764,0.018265175498290764
2025-05-19,-0.0008143624026869523,-0.0008143624026869523,-0.0005677090242726983,-0.0008143624026869523,-0.0008143624026869523
2025-05-20,-0.004549538239364437,-0.004549538239364437,-0.0031767007882509244,-0.004549538239364437,-0.004549538239364437
2025-05-21,0.021242479411544224,0.021242479411544224,0.014804037852358029,0.021242479411544224,0.021242479411544224
2025-05-22,0.00951571492251646,0.00951571492251646,0.0065174327848722844,0.00951571492251646,0.00951571492251646
2025-05-23,-0.008513198025406732,-0.008513198025406732,-0.005821325542373174,-0.008513198025406732,-0.008513198025406732
2025-05-26,0.01541977670831729,0.01541977670831729,0.010497091980141976,0.01541977670831729,0.01541977670831729
2025-05-27,-1.939914887649774e-05,-1.939914887649774e-05,-1.3303563331180412e-05,-1.939914887649774e-05,-1.939914887649774e-05
2025-05-28,-0.010409235226177982,-0.010409235226177982,-0.007082105281168343,-0.010409235226177982,-0.010409235226177982
2025-05-29,-0.01483979190358109,-0.01483979190358109,-0.010153754051587366,-0.01483979190358109,-0.01483979190358109
2025-05-30,0.01730230502295238,0.01730230502295238,0.011698588580562592,0.01730230502295238,0.01730230502295238
2025-06-02,-0.0017170689024117447,-0.0017170689024117447,-0.0011526529382625615,-0.0017170689024117447,-0.0017170689024117447
2025-06-03,0.0218835106134867,0.0218835106134867,0.014683261356105475,0.0218835106134867,0.0218835106134867
2025-06-04,-0.008261304462459429,-0.008261304462459429,-0.005457791134933619,-0.008261304462459429,-0.008261304462459429
2025-06-05,0.005792545189976517,0.005792545189976517,0.0038121718818962935,0.005792545189976517,0.005792545189976517
2025-06-06,-0.003720851459290131,-0.003720851459290131,-0.0024479561534008335,-0.003720851459290131,-0.003720851459290131
2025-06-09,-0.014020043183738062,-0.014020043183738062,-0.009277102340018809,-0.014020043183738062,-0.014020043183738062
2025-06-10,0.001500963781028597,0.001500963781028597,0.0009837724114268992,0.001500963781028597,0.001500963781028597
2025-06-11,0.0018204716197487425,0.0018204716197487425,0.0011960568586129202,0.0018204716197487425,0.0018204716197487425
2025-06-12,0.010570869317374498,0.010570869317374498,0.007004031721104421,0.010570869317374498,0.010570869317374498
2025-06-13,0.011582855887561472,0.011582855887561472,0.0076518324602644055,0.011582855887561472,0.011582855887561472
2025-06-16,0.011676445446216377,0.011676445446216377,0.007685852234834642,0.011676445446216377,0.011676445446216377
2025-06-17,-0.011989354600111524,-0.011989354600111524,-0.007883775889217197,-0.011989354600111524,-0.011989354600111524
2025-06-18,-0.004454899371684751,-0.004454899371684751,-0.0029105970719418427,-0.004454899371684751,-0.004454899371684751
2025-06-19,-0.0024298583681113817,-0.0024298583681113817,-0.0015856614610447123,-0.0024298583681113817,-0.0024298583681113817
2025-06-20,-0.002776701037748519,-0.002776701037748519,-0.0018165125016846554,-0.002776701037748519,-0.002776701037748519
2025-06-23,0.0007744120502874985,0.0007744120502874985,0.0005069212964892533,0.0007744120502874985,0.0007744120502874985
2025-06-24,-0.007729077387659933,-0.007729077387659933,-0.005061118264550098,-0.007729077387659933,-0.007729077387659933
2025-06-25,-0.0051063282584056235,-0.0051063282584056235,-0.0033322158652239957,-0.0051063282584056235,-0.0051063282584056235
2025-06-26,0.0024812921668322385,0.0024812921668322385,0.0016214662657431417,0.0024812921668322385,0.0024812921668322385
2025-06-27,-0.005353321240832876,-0.005353321240832876,-0.0035073990429728336,-0.005353321240832876,-0.005353321240832876
2025-06-30,-0.014970625519392655,-0.014970625519392655,-0.009839606506906082,-0.014970625519392655,-0.014970625519392655
2025-07-01,0.01325605721194667,0.01325605721194667,0.00862821383385428,0.01325605721194667,0.01325605721194667
2025-07-02,0.009846172767509875,0.009846172767509875,0.006418361549802646,0.009846172767509875,0.009846172767509875
2025-07-03,0.0008449306672326795,0.0008449306672326795,0.0005534423706013191,0.0008449306672326795,0.0008449306672326795
2025-07-04,-0.005735239210558518,-0.005735239210558518,-0.004005559407530164,-0.005735239210558518,-0.005735239210558518
2025-07-07,-0.0007496912929773059,-0.0007496912929773059,-0.0005226148321311172,-0.0007496912929773059,-0.0007496912929773059
2025-07-08,0.0035000512090370695,0.0035000512090370695,0.0024402898035953144,0.0035000512090370695,0.0035000512090370695
2025-07-09,-0.00947964010314839,-0.00947964010314839,-0.006977813525804496,-0.00947964010314839,-0.00947964010314839
2025-07-10,0.00433420693899178,0.00433420693899178,0.003342779396867462,0.00433420693899178,0.00433420693899178
2025-07-11,0.002286994349674165,0.002286994349674165,0.001776787715407269,0.002286994349674165,0.002286994349674165
2025-07-14,0.012294126041245912,0.012294126041245912,0.009562456834064618,0.012294126041245912,0.012294126041245912
2025-07-15,-0.006181838753220648,-0.006181838753220648,-0.0048249118691538655,-0.006181838753220648,-0.006181838753220648
2025-07-16,-0.005067065446136665,-0.005067065446136665,-0.004120358208892895,-0.005067065446136665,-0.005067065446136665
2025-07-17,0.00451800684041026,0.00451800684041026,0.003670467016024954,0.00451800684041026,0.00451800684041026
2025-07-18,-0.001343768756367436,-0.001343768756367436,-0.0010955963975122845,-0.001343768756367436,-0.001343768756367436
2025-07-21,0.003023319241375555,0.003023319241375555,0.0025197549488184643,0.003023319241375555,0.003023319241375555
2025-07-22,0.012520097071860636,0.012520097071860636,0.01083135808359223,0.012520097071860636,0.012520097071860636
2025-07-23,0.011948125484708028,0.011948125484708028,0.010274224321352578,0.011948125484708028,0.011948125484708028
2025-07-24,-0.012392672221855583,-0.012392672221855583,-0.01065473430970648,-0.012392672221855583,-0.012392672221855583
2025-07-25,-0.005953536054836062,-0.005953536054836062,-0.0051307942940522515,-0.005953536054836062,-0.005953536054836062
2025-07-28,-0.010822795864302903,-0.010822795864302903,-0.009343499684644388,-0.010822795864302903,-0.010822795864302903
2025-07-29,-0.006681225589306394,-0.006681225589306394,-0.005728569201933433,-0.006681225589306394,-0.006681225589306394
2025-07-30,0.0053484007345012685,0.0053484007345012685,0.004636319506243986,0.0053484007345012685,0.0053484007345012685
2025-07-31,-0.013328766220475075,-0.013328766220475075,-0.011634377642055993,-0.013328766220475075,-0.013328766220475075
2025-08-01,0.000943906864121713,0.000943906864121713,0.0008110181151430657,0.000943906864121713,0.000943906864121713
2025-08-04,0.02103471176990057,0.02103471176990057,0.01905305104772107,0.02103471176990057,0.02103471176990057
2025-08-05,0.005902821210250542,0.005902821210250542,0.005320456568062209,0.005902821210250542,0.005902821210250542
2025-08-06,0.0017064792342031954,0.0017064792342031954,0.0015392847602514507,0.0017064792342031954,0.0017064792342031954
2025-08-07,-0.0039741245537889824,-0.0039741245537889824,-0.0036655964376919653,-0.0039741245537889824,-0.0039741245537889824
2025-08-08,0.00934806798284038,0.00934806798284038,0.008668475299266004,0.00934806798284038,0.00934806798284038
2025-08-11,-0.0037560000898682055,-0.0037560000898682055,-0.0035349220996601562,-0.0037560000898682055,-0.0037560000898682055
2025-08-12,-0.010948325737360487,-0.010948325737360487,-0.010284811407214937,-0.010948325737360487,-0.010948325737360487
2025-08-13,-0.0009225916836863579,-0.0009225916836863579,-0.0008947636969055388,-0.0009225916836863579,-0.0009225916836863579
2025-08-14,0.006048611139323867,0.006048611139323867,0.005989514145609844,0.006048611139323867,0.006048611139323867
2025-08-15,-0.01012157217357923,-0.01012157217357923,-0.01000685814279302,-0.01012157217357923,-0.01012157217357923
2025-08-18,-4.331472989671514e-05,-4.331472989671514e-05,-4.406280128093848e-05,-4.331472989671514e-05,-4.331472989671514e-05
2025-08-19,0.0012188944996158746,0.0012188944996158746,0.0012368038571239106,0.0012188944996158746,0.0012188944996158746
2025-08-20,-0.006813460624992773,-0.006813460624992773,-0.0070200334245986,-0.006813460624992773,-0.006813460624992773
2025-08-21,0.00891533687964663,0.00891533687964663,0.009207039499421732,0.00891533687964663,0.00891533687964663
2025-08-22,-0.002169521368764471,-0.002169521368764471,-0.0022799466150846075,-0.002169521368764471,-0.002169521368764471
2025-08-25,0.008309055351401584,0.008309055351401584,0.008714875507241543,0.008309055351401584,0.008309055351401584
2025-08-26,4.374516113725413e-05,4.374516113725413e-05,4.512052275458929e-05,4.374516113725413e-05,4.374516113725413e-05
2025-08-27,0.007910484911729743,0.007910484911729743,0.008539172901729548,0.007910484911729743,0.007910484911729743
2025-08-28,0.0009872895099560797,0.0009872895099560797,0.001088418539595892,0.0009872895099560797,0.0009872895099560797
2025-08-29,0.006572286566221219,0.006572286566221219,0.007286084486264121,0.006572286566221219,0.006572286566221219
2025-09-01,0.007701121932226274,0.007701121932226274,0.008977941719515253,0.007701121932226274,0.007701121932226274
2025-09-02,0.010912045562291972,0.010912045562291972,0.012768009261355876,0.010912045562291972,0.010912045562291972
2025-09-03,0.014077659932768771,0.014077659932768771,0.016302855672833537,0.014077659932768771,0.014077659932768771
2025-09-04,0.007424179573968681,0.007424179573968681,0.008425899172906055,0.007424179573968681,0.007424179573968681
2025-09-05,-0.0012794093044115051,-0.0012794093044115051,-0.0014911945450113845,-0.0012794093044115051,-0.0012794093044115051
2025-09-08,0.01036285913806756,0.01036285913806756,0.01202756700398252,0.01036285913806756,0.01036285913806756
2025-09-09,0.013423112215056987,0.013423112215056987,0.015414530662558799,0.013423112215056987,0.013423112215056987
2025-09-10,-0.001598772542147131,-0.001598772542147131,-0.0018242388841050157,-0.001598772542147131,-0.001598772542147131
2025-09-11,0.003911789277107669,0.003911789277107669,0.004512001424674616,0.003911789277107669,0.003911789277107669
2025-09-12,-0.0033627642529515667,-0.0033627642529515667,-0.003936276126106063,-0.0033627642529515667,-0.0033627642529515667
2025-09-15,0.0021316821643588835,0.0021316821643588835,0.0025379149903519546,0.0021316821643588835,0.0021316821643588835
2025-09-16,0.010347147658140488,0.010347147658140488,0.012390445310123939,0.010347147658140488,0.010347147658140488
2025-09-17,0.004460096998131879,0.004460096998131879,0.0052908660810644685,0.004460096998131879,0.004460096998131879
2025-09-18,-0.008431314031196013,-0.008431314031196013,-0.010017724550937874,-0.008431314031196013,-0.008431314031196013
2025-09-19,-0.006813218589004744,-0.006813218589004744,-0.007996353968207458,-0.006813218589004744,-0.006813218589004744
2025-09-22,0.014090755117148968,0.014090755117148968,0.01656478857833955,0.014090755117148968,0.014090755117148968
2025-09-23,0.015415522388803948,0.015415522388803948,0.017858141250787222,0.015415522388803948,0.015415522388803948
2025-09-24,0.003255401495914967,0.003255401495914967,0.0036818393813351003,0.003255401495914967,0.003255401495914967
2025-09-25,-0.0029863195233933437,-0.0029863195233933437,-0.0034048739562566955,-0.0029863195233933437,-0.0029863195233933437
2025-09-26,-0.0006689109737126886,-0.0006689109737126886,-0.0007959787275679698,-0.0006689109737126886,-0.0006689109737126886
2025-09-29,0.007683794836187197,0.007683794836187197,0.009191440341520132,0.007683794836187197,0.007683794836187197
2025-09-30,0.01652192520147433,0.01652192520147433,0.01984891243387044,0.01652192520147433,0.01652192520147433
2025-10-01,0.0074379040601708635,0.0074379040601708635,0.008689782368544046,0.0074379040601708635,0.0074379040601708635
2025-10-02,-0.00164650024262325,-0.00164650024262325,-0.0019357241561131775,-0.00164650024262325,-0.00164650024262325
2025-10-03,0.0004825740141836121,0.0004825740141836121,0.00056633548664833,0.0004825740141836121,0.0004825740141836121
2025-10-06,0.011335369039105592,0.011335369039105592,0.01330344348674376,0.011335369039105592,0.011335369039105592
2025-10-07,0.017256948771042557,0.017256948771042557,0.02042594013353533,0.017256948771042557,0.017256948771042557
2025-10-08,0.006327747446239318,0.006327747446239318,0.0072889001168221735,0.006327747446239318,0.006327747446239318
2025-10-09,0.005340954470807624,0.005340954470807624,0.006148531133915615,0.005340954470807624,0.005340954470807624
2025-10-10,-0.007249262442353799,-0.007249262442353799,-0.008434766861453542,-0.007249262442353799,-0.007249262442353799
2025-10-13,0.01093124903140641,0.01093124903140641,0.012682011393359291,0.01093124903140641,0.01093124903140641
2025-10-14,0.022709160847087517,0.022709160847087517,0.0263493715311471,0.022709160847087517,0.022709160847087517
2025-10-15,0.010934033089984307,0.010934033089984307,0.012112261378643002,0.010934033089984307,0.010934033089984307
2025-10-16,0.010636942476558886,0.010636942476558886,0.011748246389212872,0.010636942476558886,0.010636942476558886
2025-10-17,0.03482791210116587,0.03482791210116587,0.038255284102683085,0.03482791210116587,0.03482791210116587
2025-10-20,-0.030325767944881066,-0.030325767944881066,-0.030433177404036376,-0.030325767944881066,-0.030325767944881066
2025-10-21,0.030975684135137405,0.030975684135137405,0.028281597537287415,0.030975684135137405,0.030975684135137405
2025-10-22,-0.07989021250365758,-0.07989021250365758,-0.07038185409621234,-0.07989021250365758,-0.07989021250365758
2025-10-23,0.01942426718105228,0.01942426718105228,0.012060169490787923,0.01942426718105228,0.01942426718105228
2025-10-24,0.010229103919608518,0.010229103919608518,0.006361326151721704,0.010229103919608518,0.010229103919608518
2025-10-27,-0.014734197726365639,-0.014734197726365639,-0.009183044497553871,-0.014734197726365639,-0.014734197726365639
2025-10-28,-0.019826121749666692,-0.019826121749666692,-0.012213087951846042,-0.019826121749666692,-0.019826121749666692
2025-10-29,-0.006156508036503139,-0.006156508036503139,-0.0037589105618132767,-0.006156508036503139,-0.006156508036503139
2025-10-30,-0.0016722071850955311,-0.0016722071850955311,-0.0010181301213348112,-0.0016722071850955311,-0.0016722071850955311
2025-10-31,0.018297193212385432,0.018297193212385432,0.011255776738230428,0.018297193212385432,0.018297193212385432
2025-11-03,-0.01278854638831084,-0.01278854638831084,-0.007805720893750727,-0.01278854638831084,-0.01278854638831084
2025-11-04,0.0044793768683706325,0.0044793768683706325,0.002709922105150665,0.0044793768683706325,0.0044793768683706325
2025-11-05,-0.015023432100279677,-0.015023432100279677,-0.009105694584569574,-0.015023432100279677,-0.015023432100279677
2025-11-06,0.009748084844700022,0.009748084844700022,0.005853625182867717,0.009748084844700022,0.009748084844700022
2025-11-07,0.0025452578760425393,0.0025452578760425393,0.00152802325389552,0.0025452578760425393,0.0025452578760425393
2025-11-10,0.007366001423424251,0.007366001423424251,0.004449800292141032,0.007366001423424251,0.007366001423424251
2025-11-11,0.02614298492593803,0.02614298492593803,0.01579317024385427,0.02614298492593803,0.02614298492593803
2025-11-12,0.005910557626625845,0.005910557626625845,0.0035068210638165196,0.005910557626625845,0.005910557626625845
2025-11-13,0.010631832771587524,0.010631832771587524,0.0063484932005336316,0.010631832771587524,0.010631832771587524
2025-11-14,-0.0006929985582688758,-0.0006929985582688758,-0.0004135088915388614,-0.0006929985582688758,-0.0006929985582688758
2025-11-17,-0.023669787605555603,-0.023669787605555603,-0.014112739836667195,-0.023669787605555603,-0.023669787605555603
2025-11-18,-0.011672513113018979,-0.011672513113018979,-0.006819561541020372,-0.011672513113018979,-0.011672513113018979
2025-11-19,0.008882058606143772,0.008882058606143772,0.005155180739235231,0.008882058606143772,0.008882058606143772
2025-11-20,0.0076151422129122626,0.0076151422129122626,0.0044200113611124825,0.0076151422129122626,0.0076151422129122626
2025-11-21,-0.006176951939760755,-0.006176951939760755,-0.0035860164988416607,-0.006176951939760755,-0.006176951939760755
2025-11-24,-0.005687109576984928,-0.005687109576984928,-0.0032937667572269305,-0.005687109576984928,-0.005687109576984928
2025-11-25,0.017614905645316314,0.017614905645316314,0.010183721855549995,0.017614905645316314,0.017614905645316314
2025-11-26,0.0031815348976320657,0.0031815348976320657,0.0018269062346251213,0.0031815348976320657,0.0031815348976320657
2025-11-27,0.004079314085040142,0.004079314085040142,0.0023441536984828786,0.004079314085040142,0.004079314085040142
2025-11-28,0.004912471232824345,0.004912471232824345,0.002824629269528118,0.004912471232824345,0.004912471232824345
2025-12-01,0.012427229051088728,0.012427229051088728,0.007158373626171934,0.012427229051088728,0.012427229051088728
2025-12-02,-0.006464901195151529,-0.006464901195151529,-0.003728073466497712,-0.006464901195151529,-0.006464901195151529
2025-12-03,0.0032526512941104535,0.0032526512941104535,0.0018714817460059275,0.0032526512941104535,0.0032526512941104535
2025-12-04,-0.0010151591085515443,-0.0010151591085515443,-0.000584528656279754,-0.0010151591085515443,-0.0010151591085515443
2025-12-05,-0.0036973150938279797,-0.0036973150938279797,-0.0021317236401578138,-0.0036973150938279797,-0.0036973150938279797
2025-12-08,0.0019523553802909266,0.0019523553802909266,0.0011280748532735436,0.0019523553802909266,0.0019523553802909266
2025-12-09,-0.0020147117214524,-0.0020147117214524,-0.0011650411334979706,-0.0020147117214524,-0.0020147117214524
2025-12-10,0.0042462821231530334,0.0042462821231530334,0.0024539665112746764,0.0042462821231530334,0.0042462821231530334
2025-12-11,0.006714287761752535,0.006714287761752535,0.0038839092629880867,0.006714287761752535,0.006714287761752535
2025-12-12,0.007495941250224458,0.007495941250224458,0.004333758963815031,0.007495941250224458,0.007495941250224458
2025-12-15,0.008538087742912648,0.008538087742912648,0.004941841651984988,0.008538087742912648,0.008538087742912648
2025-12-16,-0.0014231268729588686,-0.0014231268729588686,-0.0008230132320901938,-0.0014231268729588686,-0.0014231268729588686
2025-12-17,0.003034526296990192,0.003034526296990192,0.0017601195857027377,0.003034526296990192,0.003034526296990192
2025-12-18,0.00286658393602246,0.00286658393602246,0.0016675609697028632,0.00286658393602246,0.00286658393602246
2025-12-19,-0.0009271009945649444,-0.0009271009945649444,-0.0005421091269836757,-0.0009271009945649444,-0.0009271009945649444
2025-12-22,0.009166001679738356,0.009166001679738356,0.005380890121230173,0.009166001679738356,0.009166001679738356
2025-12-23,0.027122795282802148,0.027122795282802148,0.01590120991424284,0.027122795282802148,0.027122795282802148
2025-12-24,0.00636523682565282,0.00636523682565282,0.003664098016056001,0.00636523682565282,0.00636523682565282
2025-12-25,-0.007350557738550978,-0.007350557738550978,-0.004234030656412342,-0.007350557738550978,-0.007350557738550978
2025-12-26,0.007866191631940689,0.007866191631940689,0.004518906557334273,0.007866191631940689,0.007866191631940689
2025-12-29,-0.0003547423847335418,-0.0003547423847335418,-0.00020541798896690127,-0.0003547423847335418,-0.0003547423847335418
2025-12-30,-0.03977730775162058,-0.03977730775162058,-0.022978209889282612,-0.03977730775162058,-0.03977730775162058
2025-12-31,0.0047181622004717205,0.0047181622004717205,0.0025816710603545115,0.0047181622004717205,0.0047181622004717205
2026-01-01,-0.00817544707721407,-0.00817544707721407,-0.004482953665416804,-0.00817544707721407,-0.00817544707721407
2026-01-02,0.007394078859939368,0.007394078859939368,0.004053015690921752,0.007394078859939368,0.007394078859939368
2026-01-05,0.012002187895602923,0.012002187895602923,0.006617554199714656,0.012002187895602923,0.012002187895602923
2026-01-06,0.008593754950800392,0.008593754950800392,0.0047269959515446845,0.008593754950800392,0.008593754950800392
2026-01-07,0.007137679514494177,0.007137679514494177,0.003922397801040863,0.007137679514494177,0.007137679514494177
2026-01-08,-0.003222107710566302,-0.003222107710566302,-0.0017736191405379822,-0.003222107710566302,-0.003222107710566302
2026-01-09,0.00023275961990276706,0.00023275961990276706,0.00012814005757654504,0.00023275961990276706,0.00023275961990276706
2026-01-12,0.027513943880890457,0.027513943880890457,0.015362633119092542,0.027513943880890457,0.027513943880890457
2026-01-13,0.0028656981909256363,0.0028656981909256363,0.0015716338734194295,0.0028656981909256363,0.0028656981909256363
2026-01-14,0.004599638428520958,0.004599638428520958,0.002531068231987096,0.004599638428520958,0.004599638428520958
2026-01-15,-0.00039633439001551807,-0.00039633439001551807,-0.00022899616763185095,-0.00039633439001551807,-0.00039633439001551807
2026-01-16,-0.002424744903515852,-0.002424744903515852,-0.001425738356288632,-0.002424744903515852,-0.002424744903515852
2026-01-19,0.01383843450163691,0.01383843450163691,0.008350344734592776,0.01383843450163691,0.01383843450163691
2026-01-20,0.0008701209852615133,0.0008701209852615133,0.0006633312180127719,0.0008701209852615133,0.0008701209852615133
2026-01-21,0.02839679344000179,0.02839679344000179,0.023410659099389414,0.02839679344000179,0.02839679344000179
2026-01-22,-0.0036752632045087275,-0.0036752632045087275,-0.0029240216060431464,-0.0036752632045087275,-0.0036752632045087275
2026-01-23,0.033755710176377685,0.033755710176377685,0.02721784325903011,0.033755710176377685,0.033755710176377685
2026-01-26,0.022387880037720187,0.022387880037720187,0.017607338130673653,0.022387880037720187,0.022387880037720187
2026-01-27,0.0011539984622184196,0.0011539984622184196,0.000892633009271715,0.0011539984622184196,0.0011539984622184196
2026-01-28,0.024149296166727785,0.024149296166727785,0.01875163864244183,0.024149296166727785,0.024149296166727785
2026-01-29,0.056279902809253546,0.056279902809253546,0.04321182365808621,0.056279902809253546,0.056279902809253546
2026-01-30,-0.026052791516694374,-0.026052791516694374,-0.017832281296747198,-0.026052791516694374,-0.026052791516694374
2026-02-02,-0.1309467763120592,-0.1309467763120592,-0.08601053141834433,-0.1309467763120592,-0.1309467763120592
2026-02-03,0.04016077934180173,0.04016077934180173,0.016851928698305887,0.04016077934180173,0.04016077934180173
2026-02-04,0.04525169292100095,0.04525169292100095,0.01863352663632099,0.04525169292100095,0.04525169292100095
2026-02-05,-0.01210608159916704,-0.01210608159916704,-0.0048563801373243945,-0.01210608159916704,-0.01210608159916704
2026-02-06,-0.04450532008931629,-0.04450532008931629,-0.017780962410018964,-0.04450532008931629,-0.04450532008931629
2026-02-09,0.04405977015446272,0.04405977015446272,0.01716004665378969,0.04405977015446272,0.04405977015446272
2026-02-10,0.01298000460959825,0.01298000460959825,0.004937315986720184,0.01298000460959825,0.01298000460959825
2026-02-11,0.0024977653210211948,0.0024977653210211948,0.0009498818289255705,0.0024977653210211948,0.0024977653210211948
2026-02-12,0.0009791577633704307,0.0009791577633704307,0.00037244294048603693,0.0009791577633704307,0.0009791577633704307
2026-02-13,-0.019325835318559026,-0.019325835318559026,-0.0074258336506600915,-0.019325835318559026,-0.019325835318559026
2026-02-16,0.013999288612581484,0.013999288612581484,0.005356688397208546,0.013999288612581484,0.013999288612581484
2026-02-17,-0.014885147393877474,-0.014885147393877474,-0.005689804483062154,-0.014885147393877474,-0.014885147393877474
2026-02-18,-0.011851561657454268,-0.011851561657454268,-0.004510877734406893,-0.011851561657454268,-0.011851561657454268
2026-02-19,0.015463845292769784,0.015463845292769784,0.005874144327388181,0.015463845292769784,0.015463845292769784
2026-02-20,0.01003431135066779,0.01003431135066779,0.003808343116739266,0.01003431135066779,0.01003431135066779
2026-02-23,0.026812736779977975,0.026812736779977975,0.010197936922460371,0.026812736779977975,0.026812736779977975
2026-02-24,0.008057300311784532,0.008057300311784532,0.003041877260606363,0.008057300311784532,0.008057300311784532
2026-02-25,-0.003734404037585959,-0.003734404037585959,-0.0014097855578003378,-0.003734404037585959,-0.003734404037585959
2026-02-26,0.003786950093230823,0.003786950093230823,0.0014285028725533452,0.003786950093230823,0.003786950093230823
2026-02-27,-0.002398648599174935,-0.002398648599174935,-0.0009058581555683587,-0.002398648599174935,-0.002398648599174935
2026-03-02,0.03067853497277495,0.03067853497277495,0.01159489355878962,0.03067853497277495,0.03067853497277495
2026-03-03,0.005059050743689175,0.005059050743689175,0.001893220826349428,0.005059050743689175,0.005059050743689175
2026-03-04,-0.03774090945907904,-0.03774090945907904,-0.014133642498322638,-0.03774090945907904,-0.03774090945907904
2026-03-05,0.003928246059042628,0.003928246059042628,0.0014381928695032448,0.003928246059042628,0.003928246059042628
2026-03-06,-0.018976690630774562,-0.018976690630774562,-0.006955606645620496,-0.018976690630774562,-0.018976690630774562
2026-03-09,-0.0035876545444529784,-0.0035876545444529784,-0.0013076475505478576,-0.0035876545444529784,-0.0035876545444529784
2026-03-10,0.01572598743345055,0.01572598743345055,0.005726620867206525,0.01572598743345055,0.01572598743345055
2026-03-11,0.014269836142982495,0.014269836142982495,0.005187124732967224,0.014269836142982495,0.014269836142982495
2026-03-12,-0.011742265989851286,-0.011742265989851286,-0.004263238613757955,-0.011742265989851286,-0.011742265989851286
2026-03-13,-0.007189343777349255,-0.007189343777349255,-0.002603910860298895,-0.007189343777349255,-0.007189343777349255
2026-03-16,-0.023326821260688857,-0.023326821260688857,-0.008439361592813931,-0.023326821260688857,-0.023326821260688857
2026-03-17,0.0021926918272832108,0.0021926918272832108,0.0007860927287052359,0.0021926918272832108,0.0021926918272832108
2026-03-18,0.00025760831119292504,0.00025760831119292504,9.24243099570386e-05,0.00025760831119292504,0.00025760831119292504
2026-03-19,-0.0345348054459792,-0.0345348054459792,-0.012391434157654983,-0.0345348054459792,-0.0345348054459792
2026-03-20,-0.0376895393163208,-0.0376895393163208,-0.013315639892648359,-0.0376895393163208,-0.0376895393163208
2026-03-23,-0.05284271520405526,-0.05284271520405526,-0.0184804133510118,-0.05284271520405526,-0.05284271520405526
2026-03-24,-0.01418719514729272,-0.01418719514729272,-0.0048113879832185165,-0.01418719514729272,-0.01418719514729272
2026-03-25,0.05176604998015266,0.05176604998015266,0.017520177250619644,0.05176604998015266,0.05176604998015266
2026-03-26,-0.007510084143539708,-0.007510084143539708,-0.002475735999405867,-0.007510084143539708,-0.007510084143539708
2026-03-27,-0.031193567747786366,-0.031193567747786366,-0.010268964010166052,-0.031193567747786366,-0.031193567747786366
2026-03-30,0.006573449665821629,0.006573449665821629,0.0021772676241806318,0.006573449665821629,0.006573449665821629
2026-03-31,0.020908432931029397,0.020908432931029397,0.006925315929252628,0.020908432931029397,0.020908432931029397
2026-04-01,0.03970135546884235,0.03970135546884235,0.013106951221537188,0.03970135546884235,0.03970135546884235
2026-04-02,0.0200314779881845,0.0200314779881845,0.0065177956211837544,0.0200314779881845,0.0200314779881845
2026-04-03,-0.02405563482206441,-0.02405563482206441,-0.007810673890313041,-0.02405563482206441,-0.02405563482206441
2026-04-06,-0.011114612617585728,-0.011114612617585728,-0.003587875252284925,-0.011114612617585728,-0.011114612617585728
2026-04-07,0.007596517968707195,0.007596517968707195,0.0024491897956288194,0.007596517968707195,0.007596517968707195
2026-04-08,0.0386767293811594,0.0386767293811594,0.012467077302170596,0.0386767293811594,0.0386767293811594
2026-04-09,-0.028929891229261817,-0.028929891229261817,-0.009202997662639604,-0.028929891229261817,-0.028929891229261817
2026-04-10,0.011244950132915044,0.011244950132915044,0.003569109916503408,0.011244950132915044,0.011244950132915044
2026-04-13,-0.01731909876237714,-0.01731909876237714,-0.005491961878262958,-0.01731909876237714,-0.01731909876237714
2026-04-14,0.01868612491058186,0.01868612491058186,0.0059077881825360615,0.01868612491058186,0.01868612491058186
2026-04-15,0.015677027116352438,0.015677027116352438,0.004941662695663115,0.015677027116352438,0.015677027116352438
2026-04-16,-0.00044873486153584885,-0.00044873486153584885,-0.00014130795914212043,-0.00044873486153584885,-0.00044873486153584885
2026-04-17,-0.00838503726419848,-0.00838503726419848,-0.002642284822754144,-0.00838503726419848,-0.00838503726419848
2026-04-20,-0.008024586892299124,-0.008024586892299124,-0.002526632924739942,-0.008024586892299124,-0.008024586892299124
2026-04-21,0.016419418575871036,0.016419418575871036,0.005203305136225045,0.016419418575871036,0.016419418575871036
2026-04-22,-0.017438936864539567,-0.017438936864539567,-0.005514593861646701,-0.017438936864539567,-0.017438936864539567
2026-04-23,-0.008181045988848501,-0.008181045988848501,-0.002607469070255218,-0.008181045988848501,-0.008181045988848501
2026-04-24,-0.0021147842390578653,-0.0021147842390578653,-0.0006771669869064913,-0.0021147842390578653,-0.0021147842390578653
2026-04-27,-0.0036969032874843988,-0.0036969032874843988,-0.001183298224450549,-0.0036969032874843988,-0.0036969032874843988
2026-04-28,0.004379007776828869,0.004379007776828869,0.0014097041513177905,0.004379007776828869,0.004379007776828869
2026-04-29,-0.01914481646254118,-0.01914481646254118,-0.006375482596158078,-0.01914481646254118,-0.01914481646254118
2026-04-30,-0.010594991120709274,-0.010594991120709274,-0.003537730555161136,-0.010594991120709274,-0.010594991120709274
2026-05-01,0.013609005443891764,0.013609005443891764,0.0056218030893751625,0.013609005443891764,0.013609005443891764
2026-05-04,-0.0024325866454186773,-0.0024325866454186773,-0.0010338790670836482,-0.0024325866454186773,-0.0024325866454186773
2026-05-05,-0.018205391903172163,-0.018205391903172163,-0.008017073372800585,-0.018205391903172163,-0.018205391903172163
2026-05-06,0.013802334393290039,0.013802334393290039,0.006056804719943633,0.013802334393290039,0.013802334393290039
2026-05-07,0.02364282010946339,0.02364282010946339,0.010704585802771298,0.02364282010946339,0.02364282010946339
2026-05-08,0.0011826319137286934,0.0011826319137286934,0.0005480851293445432,0.0011826319137286934,0.0011826319137286934
2026-05-11,-0.004763671592918239,-0.004763671592918239,-0.00222668805101989,-0.004763671592918239,-0.004763671592918239
2026-05-12,0.018245327651565724,0.018245327651565724,0.008526572436101418,0.018245327651565724,0.018245327651565724
2026-05-13,-0.009400763398650591,-0.009400763398650591,-0.004361850778911139,-0.009400763398650591,-0.009400763398650591
2026-05-14,-0.005476076958025433,-0.005476076958025433,-0.002555005788781143,-0.005476076958025433,-0.005476076958025433
2026-05-15,-0.010308485038775572,-0.010308485038775572,-0.0048281791030366505,-0.010308485038775572,-0.010308485038775572
2026-05-18,-0.02605272256187352,-0.02605272256187352,-0.012228619784698426,-0.02605272256187352,-0.02605272256187352
2026-05-19,0.011838464570204321,0.011838464570204321,0.005497888936873036,0.011838464570204321,0.011838464570204321
2026-05-20,-0.020198448898635757,-0.020198448898635757,-0.009402456360278288,-0.020198448898635757,-0.020198448898635757
2026-05-21,0.012547425166903992,0.012547425166903992,0.0058135675113319425,0.012547425166903992,0.012547425166903992
2026-05-22,-0.0026075412153404587,-0.0026075412153404587,-0.0012244498099528006,-0.0026075412153404587,-0.0026075412153404587
2026-05-25,0.008857678599625718,0.008857678599625718,0.004163687014312609,0.008857678599625718,0.008857678599625718
2026-05-26,-0.004606207386359973,-0.004606207386359973,-0.0021605711482409725,-0.004606207386359973,-0.004606207386359973
2026-05-27,-0.006555199465330008,-0.006555199465330008,-0.0030759976347380213,-0.006555199465330008,-0.006555199465330008
2026-05-28,-0.01639657103155756,-0.01639657103155756,-0.007690577668864721,-0.01639657103155756,-0.01639657103155756
2026-05-29,0.011174932830855688,0.011174932830855688,0.005338532063397905,0.011174932830855688,0.011174932830855688
2026-06-01,0.009609596335094839,0.009609596335094839,0.004579118280523751,0.009609596335094839,0.009609596335094839
2026-06-02,-0.013258659889431978,-0.013258659889431978,-0.006476748799748611,-0.013258659889431978,-0.013258659889431978
2026-06-03,-0.001049988941669966,-0.001049988941669966,-0.0005118754866478559,-0.001049988941669966,-0.001049988941669966
2026-06-04,-0.004529307905486113,-0.004529307905486113,-0.0022220855024870038,-0.004529307905486113,-0.004529307905486113
2026-06-05,0.00010026132360962947,0.00010026132360962947,4.91606327441373e-05,0.00010026132360962947,0.00010026132360962947
2026-06-08,-0.025086315515059243,-0.025086315515059243,-0.012389914254550053,-0.025086315515059243,-0.025086315515059243
2026-06-09,-0.005638274428541923,-0.005638274428541923,-0.0027702212168114007,-0.005638274428541923,-0.005638274428541923
2026-06-10,-0.023329730241797186,-0.023329730241797186,-0.011479477783856837,-0.023329730241797186,-0.023329730241797186
2026-06-11,-0.04041146898738779,-0.04041146898738779,-0.01970593996379516,-0.04041146898738779,-0.0002
2026-06-12,0.04170550217035829,0.04170550217035829,0.019902279122028587,0.04170550217035829,0.0
2026-06-15,0.019630709850649408,0.019630709850649408,0.008996941321784262,0.019630709850649408,0.0
2026-06-16,0.003544461446423508,0.003544461446423508,0.0016092419321822478,0.003544461446423508,0.003344461446423508
2026-06-17,0.0054240282407092,0.0054240282407092,0.002512714131697597,0.0054240282407092,0.0054240282407092
2026-06-18,-0.009702231936298933,-0.009702231936298933,-0.004620964997946802,-0.009702231936298933,-0.009702231936298933
2026-06-19,-0.024022189697653018,-0.024022189697653018,-0.012142199189048138,-0.024022189697653018,-0.024022189697653018
2026-06-22,-0.008882189101620197,-0.008882189101620197,-0.004449234044751872,-0.008882189101620197,-0.0002
2026-06-23,0.006763612378973383,0.006763612378973383,0.00361852864697899,0.006763612378973383,0.0
2026-06-24,-0.018075625223659242,-0.018075625223659242,-0.009682792377909992,-0.018075625223659242,0.0
2026-06-25,-0.023968542049184527,-0.023968542049184527,-0.013060090260849843,-0.023968542049184527,0.0
2026-06-26,0.0015357876426014272,0.0015357876426014272,0.0008248731202842645,0.0015357876426014272,0.0
2026-06-29,0.010825807682127708,0.010825807682127708,0.005902479138961737,0.010825807682127708,0.0
2026-06-30,-0.011689461143402968,-0.011689461143402968,-0.006678614126321082,-0.011689461143402968,0.0
2026-07-01,-0.0008082147538783779,-0.0008082147538783779,-0.0004689103962917456,-0.0008082147538783779,0.0
2026-07-02,0.00840420525808172,0.00840420525808172,0.004930534497143683,0.00840420525808172,0.0
2026-07-03,0.021705943865093058,0.021705943865093058,0.01272566999697141,0.021705943865093058,0.0
2026-07-06,0.011139692324260153,0.011139692324260153,0.006433356283383529,0.011139692324260153,0.0
2026-07-07,-0.005296685375428156,-0.005296685375428156,-0.003217714575480641,-0.005296685375428156,0.0
2026-07-08,-0.012308989954780136,-0.012308989954780136,-0.007657410254683702,-0.012308989954780136,0.0
2026-07-09,-0.004493155553917938,-0.004493155553917938,-0.0028015623293585375,-0.004493155553917938,0.0
2026-07-10,0.009114392102399282,0.009114392102399282,0.005728450974811139,0.009114392102399282,0.0
2026-07-13,-0.008530289938444291,-0.008530289938444291,-0.005425499633689841,-0.008530289938444291,0.0
2026-07-14,-0.022678002780685658,-0.022678002780685658,-0.014580722579248619,-0.022678002780685658,0.0
2026-07-15,0.014638606354240524,0.014638606354240524,0.009269301025422538,0.014638606354240524,0.0
2026-07-16,0.0008127968408633279,0.0008127968408633279,0.0005083882249298583,0.0008127968408633279,0.0
2026-07-17,-0.017579423232761848,-0.017579423232761848,-0.011031094189397761,-0.017579423232761848,0.0
2026-07-20,0.0026647963065893343,0.0026647963065893343,0.001680311374769365,0.0026647963065893343,0.0
2026-07-21,0.004044190740967846,0.004044190740967846,0.002567997341889513,0.004044190740967846,0.0
2026-07-22,0.019902252124045283,0.019902252124045283,0.012636566213247352,0.019902252124045283,0.0
2026-07-23,0.00874745811340949,0.00874745811340949,0.0054517304018564285,0.00874745811340949,0.0
2026-07-24,-0.020148577830545356,-0.020148577830545356,-0.012512180362425912,-0.020148577830545356,0.0
2026-07-27,0.01769056024529858,0.01769056024529858,0.01087284446958392,0.01769056024529858,0.0
2026-07-28,-0.011875680429034197,-0.011875680429034197,-0.007276530619230409,-0.011875680429034197,0.0
2026-07-29,-0.011112777864940804,-0.011112777864940804,-0.006802978105057025,-0.011112777864940804,0.0
2026-07-30,0.015029650872994127,0.015029650872994127,0.009250630545024405,0.015029650872994127,0.0
2026-07-31,0.004826539787587736,0.004826539787587736,0.0029397617647932872,0.004826539787587736,0.0
2026-08-03,-0.00738661849648492,-0.00738661849648492,-0.004538778684828789,-0.00738661849648492,0.0
2026-08-04,-0.0015227060075738708,-0.0015227060075738708,-0.0009431696305482756,-0.0015227060075738708,0.0
2026-08-05,0.0019806595892626344,0.0019806595892626344,0.0012525420082215182,0.0019806595892626344,0.0
2026-08-06,0.04734878668207787,0.04734878668207787,0.03000809453212162,0.04734878668207787,0.0
2026-08-07,-0.004945931245779467,-0.004945931245779467,-0.002894973945202871,-0.004945931245779467,0.0
2026-08-10,0.023356454656159098,0.023356454656159098,0.0137896399370331,0.023356454656159098,0.0
2026-08-11,0.014154348338355272,0.014154348338355272,0.008208798799216894,0.014154348338355272,0.0
2026-08-12,-0.006709384853389677,-0.006709384853389677,-0.003867209638608792,-0.006709384853389677,-0.006909384853389677
2026-08-13,0.010265301975782792,0.010265301975782792,0.005925576585197077,0.010265301975782792,0.010265301975782792
2026-08-14,-0.01535800316076763,-0.01535800316076763,-0.009018931898270613,-0.01535800316076763,-0.01535800316076763
2026-08-17,0.005875360425608767,0.005875360425608767,0.003441488808594615,0.005875360425608767,-0.0002
2026-08-18,0.009547596101534994,0.009547596101534994,0.005655231880532511,0.009547596101534994,0.0
2026-08-19,-0.017725104840691452,-0.017725104840691452,-0.010525220827879702,-0.017725104840691452,-0.01792510484069145
2026-08-20,0.039672010521635936,0.039672010521635936,0.02333040004125993,0.039672010521635936,-0.0002
2026-08-21,0.0013126030427834667,0.0013126030427834667,0.0007313187332410613,0.0013126030427834667,0.0011126030427834666
2026-08-24,0.02612833350836996,0.02612833350836996,0.014672642980744532,0.02612833350836996,0.02612833350836996
2026-08-25,0.009834417007689389,0.009834417007689389,0.0054221288506530645,0.009834417007689389,0.009834417007689389
2026-08-26,-0.006384110347447458,-0.006384110347447458,-0.0035431857577744932,-0.006384110347447458,-0.006384110347447458
2026-08-27,-0.007850774833212726,-0.007850774833212726,-0.0043635016894052105,-0.007850774833212726,-0.007850774833212726
2026-08-28,-0.0035193410638219014,-0.0035193410638219014,-0.001956694383791371,-0.0035193410638219014,-0.0035193410638219014
2026-08-31,-0.03061724155543266,-0.03061724155543266,-0.017108577183483138,-0.03061724155543266,-0.03061724155543266
2026-09-01,-0.0009642470545925264,-0.0009642470545925264,-0.0005273530989338638,-0.0009642470545925264,-0.0009642470545925264
2026-09-02,-0.02989126708622314,-0.02989126708622314,-0.016264175070344205,-0.02989126708622314,-0.02989126708622314
2026-09-03,0.015779499711740863,0.015779499711740863,0.008379547491596041,0.015779499711740863,-0.0002
2026-09-04,0.020652868905708388,0.020652868905708388,0.011081454773429311,0.020652868905708388,0.0
2026-09-07,-0.01239725187120988,-0.01239725187120988,-0.006588710305670239,-0.01239725187120988,-0.01259725187120988
2026-09-08,-0.0021336388849118038,-0.0021336388849118038,-0.0011473778984541039,-0.0021336388849118038,-0.0002
2026-09-09,-0.014657392426762783,-0.014657392426762783,-0.008273042676831753,-0.014657392426762783,0.0
2026-09-10,0.010143691573832658,0.010143691573832658,0.0059718656325006055,0.010143691573832658,0.0
2026-09-11,-0.017534258354495513,-0.017534258354495513,-0.010425185343666848,-0.017534258354495513,0.0
